latitude,longitude,flood_class,elevation,slope,aspect,curvature,twi,spi,dtr,ndvi,lulc,rainfall,soil_type
18.6998244098633,103.09609743676587,1,2,1,0,2,1,0,0,3,10,2,4.0
18.58933234485996,102.87268755578611,1,0,2,3,0,1,1,3,1,10,1,4.0
18.59499094409678,102.92443096441028,1,2,2,1,0,3,3,4,1,10,1,4.0
18.56103488957478,102.97670946516092,1,0,1,0,2,2,0,2,2,10,1,4.0
18.549178139873675,102.80638964132348,1,0,1,2,2,4,4,0,0,10,1,4.0
18.55133188568249,103.1154989854494,1,1,2,3,2,3,3,2,1,10,2,4.0
18.72354236836657,103.03357192179443,1,2,2,3,2,2,3,3,3,10,2,4.0
18.47937983108409,102.67703111976304,1,0,0,3,0,4,0,1,0,40,0,4.0
18.604961494052283,103.13787029543454,1,2,1,3,0,1,0,4,4,10,2,4.0
18.648892557630838,103.08208248215487,1,0,0,2,0,4,4,0,0,10,2,4.0
18.462399574272567,102.67999642196357,1,0,0,4,2,4,1,1,1,10,0,4.0
18.58205509194073,102.8540886452922,1,1,0,3,2,4,0,2,0,10,1,4.0
18.68149750453363,102.87969280354108,1,4,4,3,2,0,3,3,0,10,1,4.0
18.520880684588505,102.90017345467956,1,1,0,4,2,3,1,4,0,10,1,4.0
18.526271737762126,102.95568926279496,1,1,2,4,2,2,2,2,3,10,1,4.0
18.632719398109984,102.87672750134053,1,1,0,2,0,3,0,0,0,10,1,4.0
18.499320930995097,102.69589757632016,1,1,2,3,0,1,1,2,2,10,0,4.0
18.57424274689509,102.87484130159494,1,1,0,3,2,4,4,0,2,10,1,4.0
18.57585694147644,102.99557592171804,1,0,3,2,0,0,2,1,3,10,1,4.0
18.68338370427924,103.09798363651146,1,0,2,3,0,3,3,3,4,10,2,4.0
18.70898786252812,103.03707677522245,1,1,2,3,0,4,4,0,2,40,2,4.0
18.60010999210613,102.95380306304936,1,2,2,0,2,0,1,3,2,10,1,4.0
18.552950539364893,103.05109172983344,1,0,0,3,0,4,2,0,0,40,2,4.0
18.55537629033797,102.79507244284984,1,0,1,0,2,1,1,3,2,10,1,4.0
18.611431649680835,102.84735540270148,1,0,0,0,0,3,0,1,2,10,1,4.0
18.72030506100177,103.11118703473072,1,3,1,4,0,4,4,0,4,10,2,6.0
18.574777839021507,103.08208248215487,1,1,2,2,2,0,1,2,3,10,2,4.0
18.549717691101144,103.1152314393862,1,0,2,2,0,3,4,1,1,10,2,4.0
18.47398877791047,102.59214321300855,1,0,1,0,0,1,0,4,2,10,0,4.0
18.52114823065171,102.7538391354086,1,0,0,0,0,4,3,1,2,10,1,4.0
18.63164475475611,102.90475741056252,1,1,0,4,2,2,0,0,3,10,1,4.0
18.72273081197485,103.12250869230542,1,4,3,4,0,0,2,3,1,10,2,6.0
18.673685159487995,103.07022573245376,1,0,1,1,2,1,0,1,4,10,2,4.0
18.57424274689509,102.94598625890264,1,2,2,4,0,1,1,3,1,10,1,4.0
18.51980158213357,102.80989449475148,1,2,1,2,2,1,0,3,2,10,1,4.0
18.64700189878417,102.83441955054543,1,0,1,1,2,4,4,0,1,10,1,4.0
18.546752388900604,102.99961586727244,1,0,0,0,2,4,4,0,0,40,1,4.0
18.532197883062157,103.12466243811424,1,1,0,3,2,3,1,3,2,10,2,4.0
18.59418384680611,102.8751133067592,1,0,2,2,2,1,1,3,1,10,1,4.0
18.43329502169673,102.69751623000252,1,3,0,3,0,3,0,3,1,10,0,4.0
18.67233851096985,103.0758843316906,1,0,0,1,2,3,0,1,4,10,2,4.0
18.60010999210613,102.91391640412628,1,1,1,4,2,4,3,3,4,10,1,4.0
18.57666403876712,102.84439010050096,1,1,1,2,2,1,0,2,3,10,1,4.0
18.424938666322564,102.6832292702273,1,2,0,4,2,3,0,3,3,10,0,4.0
18.671798959742382,102.8298355946625,1,3,1,3,0,3,2,3,1,10,1,4.0
18.42979016826872,102.72473458283278,1,2,2,0,2,2,2,1,4,10,0,4.0
18.660209756104475,102.9031387568801,1,3,4,2,2,1,3,2,2,10,1,4.0
18.455122321353343,102.67271916904434,1,0,1,4,0,3,1,3,1,10,0,4.0
18.661288858559413,102.90987645857184,1,2,3,1,2,2,4,1,0,10,1,4.0
18.604961494052283,102.99395726803564,1,0,1,1,0,4,4,0,1,10,1,4.0
18.667754555086912,102.93952056237517,1,3,0,2,0,3,0,3,1,10,1,4.0
18.57801514638631,102.88804915891524,1,1,0,2,2,3,0,1,0,10,1,4.0
18.53974714114564,103.13086058857851,1,0,1,4,2,1,0,1,0,10,2,4.0
18.63191230081932,102.94032765966584,1,1,0,4,0,3,0,2,1,10,1,4.0
18.68473481189843,102.88373720819656,1,4,0,4,0,3,0,4,0,10,1,4.0
18.45566187258081,102.71557113016794,1,2,0,3,0,4,2,0,1,10,0,4.0
18.596877143842388,102.92631716415592,1,2,1,2,2,1,1,4,3,10,1,4.0
18.580168892195125,102.90637160514385,1,1,0,1,0,3,0,3,1,10,1,4.0
18.561034889574785,102.78105748823884,1,0,0,3,2,4,0,1,0,10,1,4.0
18.67368515948799,102.8101620408147,1,4,2,2,2,0,1,4,0,10,1,4.0
18.525999732597867,103.03896297496809,1,0,1,0,2,3,2,4,2,10,2,4.0
18.50605863268685,102.70128862949376,1,0,1,4,0,3,2,4,3,10,0,4.0
18.5206131385253,102.8610983521482,1,2,1,4,0,2,0,4,2,10,1,4.0
18.587713691177555,102.87376219914,1,0,2,2,2,1,1,3,3,10,1,4.0
18.637031348828668,102.816360191279,1,0,2,1,0,3,4,0,3,10,1,4.0
18.600921548497865,102.93035710971034,1,2,0,0,0,2,0,4,2,10,1,4.0
18.67125940851492,103.01282372459276,1,2,3,2,0,1,3,4,3,10,2,4.0
18.531930336998947,103.11819674158674,1,1,3,0,2,0,1,3,2,10,2,4.0
18.59202564189624,103.09609743676586,1,0,2,1,2,0,1,2,3,10,2,4.0
18.59633759261492,102.98614492299,1,1,3,0,0,0,1,2,4,10,1,4.0
18.67826465626988,102.91526751174548,1,3,0,4,2,4,0,2,2,10,1,4.0
18.623555945445155,102.85490020168392,1,0,0,2,2,4,2,0,1,10,1,4.0
18.579089789740188,102.9632340617774,1,2,0,3,2,2,0,3,2,10,1,4.0
18.68176950969789,102.8195974986438,1,4,2,1,2,3,3,4,0,10,1,4.0
18.578282692449516,102.8195974986438,1,0,4,2,0,3,4,1,3,10,1,4.0
18.60172864578854,102.7861765362482,1,1,1,1,0,1,0,3,0,40,1,4.0
18.718690866420424,103.12843483760544,1,4,1,1,0,2,0,3,2,10,2,7.0
18.523306435561587,102.82929604343502,1,1,0,0,2,3,1,4,2,10,1,4.0
18.558069587374245,103.04785888156968,1,0,1,4,0,3,1,1,0,10,2,4.0
18.48746418129399,102.744943228807,1,3,0,0,2,4,2,4,0,30,0,4.0
18.57504984418577,102.89666860125156,1,1,1,4,0,2,0,1,1,10,1,4.0
18.526539283825336,103.11280568841312,1,2,3,4,2,2,4,3,1,10,2,4.0
18.648081001239103,103.1090332889219,1,0,3,3,2,1,3,1,4,10,2,4.0
18.581515540713266,103.10526088943068,1,0,4,4,0,1,4,0,3,10,2,4.0
18.51010303734233,102.99692257023617,1,1,1,0,0,4,3,4,1,10,1,4.0
18.63217984688252,102.91364885806308,1,1,1,0,2,2,0,2,4,10,1,4.0
18.61169919574404,102.79965193963172,1,2,1,3,0,1,0,2,1,10,1,4.0
18.557262490083573,103.0656417765708,1,0,0,2,0,3,0,2,1,10,2,4.0
18.53031168331655,102.8557072989746,1,1,1,4,2,3,3,2,2,10,1,4.0
18.701171058381437,103.09259258333783,1,2,2,3,0,1,1,1,4,10,2,4.0
18.48530597638412,102.73901708350697,1,3,1,0,2,3,2,4,1,30,0,4.0
18.54621283767314,102.88481185155042,1,0,2,2,0,2,3,2,1,10,1,4.0
18.526811288989588,102.7861765362482,1,0,0,3,0,2,0,2,0,10,1,4.0
18.680422861179743,102.97051131469662,1,4,1,1,2,1,0,4,0,10,1,7.0
18.57019834223962,103.03141817598562,1,0,0,4,2,4,0,0,0,40,2,4.0
18.65589780538579,103.10148848993948,1,0,2,3,0,1,1,0,2,10,2,4.0
18.650778757376443,102.85247445071086,1,1,3,3,0,0,2,2,1,10,1,4.0
18.448656624825848,102.71665023262288,1,2,0,2,2,4,3,0,3,10,0,4.0
18.59472339803357,102.85975170363008,1,0,2,4,2,2,3,0,0,10,1,4.0
18.682309060925352,103.00204161824551,1,3,4,3,2,0,3,3,0,10,2,4.0
18.621134653573133,103.01713567531144,1,1,3,1,2,1,3,1,4,10,2,4.0
18.608198801417085,102.84034569584549,1,0,0,3,0,2,0,2,0,40,1,4.0
18.6087338935435,103.03599767276752,1,2,2,0,2,1,1,3,3,10,2,4.0
18.6119712009083,102.87861370108614,1,0,1,0,0,2,0,0,2,10,1,4.0
18.580168892195125,102.79318624310424,1,0,2,0,0,1,1,4,1,10,1,4.0
18.581515540713266,102.90718316153556,1,1,0,4,2,2,0,3,2,10,1,4.0
18.583134194395665,102.9230798567911,1,1,1,2,0,3,1,2,1,10,1,4.0
18.58690659388688,103.13274678832414,1,1,3,2,2,2,4,1,3,10,2,4.0
18.65535825415833,102.88589095400538,1,1,2,3,2,3,4,3,1,10,1,4.0
18.59795624629733,102.8826581057416,1,0,2,4,0,0,1,3,4,10,1,4.0
18.427903968523108,102.66328817031628,1,1,0,3,0,3,1,3,3,10,0,4.0
18.663175058305026,103.10256313329334,1,0,3,3,0,4,4,0,3,10,2,4.0
18.57962934096766,102.95542171673176,1,2,2,3,0,0,1,2,1,10,1,4.0
18.54055423843631,103.10472133820322,1,0,0,3,2,4,4,0,0,40,2,4.0
18.58636704265941,103.02279427454827,1,0,0,2,0,4,4,0,0,10,2,4.0
18.496627633958816,102.6061537085185,1,0,0,1,2,3,0,2,0,80,0,4.0
18.67125940851492,102.86406365434874,1,2,0,3,0,4,2,2,0,10,1,4.0
18.604421942824818,102.97374416296036,1,1,3,2,0,0,1,3,3,10,1,4.0
18.68580945525231,103.0203685235752,1,4,1,4,0,1,0,4,2,10,2,4.0
18.603347299470936,102.84843004605536,1,0,0,4,2,4,4,0,3,10,1,4.0
18.60469394798908,102.81124114326964,1,0,0,2,2,4,1,2,1,10,1,4.0
18.593376749515432,102.94760491258506,1,2,3,2,0,2,3,3,4,10,1,4.0
18.705483009100117,103.11442434209552,1,2,2,1,2,2,2,2,3,10,2,4.0
18.651585854667115,103.11442434209552,1,1,2,1,2,2,2,0,4,10,2,4.0
18.561841986865463,103.11415233693128,1,3,3,3,2,0,2,4,1,10,2,4.0
18.55241098813742,102.79830529111358,1,0,1,2,0,3,2,2,2,10,1,4.0
18.51441052895996,103.0238733770032,1,1,2,3,2,3,3,3,1,10,2,4.0
18.447309976307704,102.71179873067676,1,1,4,3,2,0,3,1,1,10,0,4.0
18.54863858864621,102.96080831080432,1,0,1,1,2,4,4,3,1,10,1,4.0
18.635684700310527,102.8201325907702,1,0,1,1,2,3,1,0,2,10,1,4.0
18.443805122879688,102.7446756827438,1,4,2,3,2,2,3,4,0,30,0,4.0
18.5206131385253,102.9818329722713,1,2,0,0,0,3,0,4,2,10,1,4.0
18.558881143765973,103.11631054184112,1,2,3,3,2,0,2,4,1,10,2,4.0
18.665868355341303,103.03195772721308,1,2,1,3,0,3,2,4,4,10,2,4.0
18.596877143842388,102.87026180481304,1,0,1,4,0,4,4,1,3,10,1,4.0
18.523306435561587,103.08585488164609,1,2,1,4,0,2,2,4,3,10,2,4.0
18.641615304711607,103.0279133225576,1,0,0,3,2,4,2,1,3,10,2,4.0
18.599302894815462,102.9683575688878,1,1,1,0,0,3,2,1,3,10,1,4.0
18.61439695188137,102.78887429238554,1,1,1,2,2,2,2,3,1,10,1,4.0
18.673145608260526,102.93547615771968,1,3,0,3,2,4,0,4,0,10,1,4.0
18.552143442074215,102.81528554792511,1,0,1,3,0,3,1,2,2,10,1,4.0
18.469676827191787,102.69563003025696,1,1,0,2,0,4,1,3,3,10,0,4.0
18.592837198287967,102.9621594184235,1,1,0,3,2,4,0,0,4,10,1,4.0
18.61008500116269,102.92254030556364,1,1,0,0,0,4,2,2,0,10,1,4.0
18.65832355635887,102.88211855451416,1,2,1,1,2,2,0,3,2,10,1,4.0
18.561034889574785,102.89128200717896,1,0,0,3,2,3,0,2,0,10,1,4.0
18.521959787043443,102.98317962078946,1,2,0,3,0,4,1,3,1,10,1,4.0
18.682309060925352,102.97886767007076,1,4,4,0,0,0,2,4,0,10,1,4.0
18.66910120360505,102.89909435222462,1,3,1,1,2,1,0,4,1,10,1,4.0
18.55133188568249,103.0516312810609,1,0,0,0,2,4,3,0,0,40,2,4.0
18.65697690784073,103.01174462213784,1,1,1,3,1,3,1,3,3,10,2,4.0
18.522499338270904,102.92038655975482,1,1,4,4,2,1,3,3,2,10,1,4.0
18.52977213208908,102.76596789027398,1,0,0,0,1,4,0,0,0,80,1,7.0
18.50012802828577,102.61316341537452,1,0,1,3,0,2,0,4,1,10,0,6.0
18.628679452555566,102.83414754538116,1,0,0,2,0,3,0,0,1,30,1,4.0
18.649160103694044,103.0580969775884,1,0,0,4,0,4,4,0,4,10,2,4.0
18.58933234485996,102.97132287108832,1,1,0,0,2,3,0,1,3,10,1,4.0
18.70844831130066,103.09986983625708,1,2,2,3,0,0,1,1,3,10,2,4.0
18.59472339803357,102.80261724183228,1,0,1,1,0,4,3,0,1,10,1,4.0
18.643769050520422,102.7942608864581,1,3,2,2,2,0,1,4,3,10,1,4.0
18.59633759261492,103.07103282974444,1,0,1,0,0,3,1,1,3,10,2,4.0
18.592837198287963,103.13193969103348,1,1,3,4,2,4,4,1,4,10,2,4.0
18.594451392869317,102.8522024455466,1,0,2,1,0,3,3,0,2,30,1,4.0
18.54701993496381,102.80234969576904,1,0,0,1,0,3,0,0,1,10,1,4.0
18.531930336998947,102.92604515899166,1,0,1,4,0,3,3,0,3,10,1,4.0
18.55160389084675,102.86190544943888,1,0,3,0,0,3,4,3,3,10,1,4.0
18.443805122879688,102.710987174285,1,1,1,3,2,4,4,0,4,10,0,4.0
18.61520404917205,102.92523806170098,1,1,0,0,2,4,1,1,4,10,1,4.0
18.572891639275905,102.89262865569714,1,1,2,3,2,1,1,0,2,10,1,4.0
18.55052478839182,102.84816249999216,1,0,1,0,0,1,0,1,2,10,1,4.0
18.57504984418577,103.07345858071751,1,0,0,3,2,3,0,1,1,10,2,4.0
18.420091623477475,102.71772487597676,1,2,0,0,2,4,0,1,4,10,0,4.0
18.514410528959964,102.80099858814988,1,0,0,1,0,4,0,0,0,10,1,4.0
18.6381104512836,102.87942525747788,1,1,0,4,2,2,0,1,1,10,1,4.0
18.648620552466568,103.10337468968508,1,0,1,2,2,3,3,1,4,10,2,4.0
18.73405246954954,103.08855263778342,1,4,3,3,2,0,2,4,3,10,2,7.0
18.598763343587997,103.07022573245376,1,0,3,0,2,0,1,2,1,10,2,4.0
18.550257242328605,103.0661813277983,1,0,0,3,0,4,0,0,0,10,2,4.0
18.641343299547348,102.8575934987202,1,0,1,2,0,3,1,2,2,10,1,4.0
18.589332344859955,102.88400475425976,1,0,0,3,0,4,3,3,0,10,1,4.0
18.52411353285226,103.05675032907024,1,1,3,4,2,0,2,4,3,10,2,4.0
18.707369208845726,103.12089003862302,1,2,2,4,2,2,2,2,1,30,2,4.0
18.637570900056136,102.87807414985868,1,1,1,0,2,2,0,1,1,10,1,4.0
18.706562111555044,103.02117562086586,1,1,2,1,2,3,4,2,0,10,2,4.0
18.699556863800087,103.07723098020874,1,1,3,3,2,1,4,0,4,10,2,4.0
18.66020975610448,102.90799025882625,1,2,3,1,2,0,2,1,0,10,1,4.0
18.670987403350654,102.8775345986312,1,3,3,3,0,2,3,0,1,10,1,4.0
18.508212378495667,102.68996697191906,1,0,0,0,2,4,1,2,0,10,0,4.0
18.67503180800613,102.99368972197244,1,1,1,3,0,4,4,0,4,10,1,4.0
18.67853666143414,102.9524564145312,1,4,1,3,0,3,1,4,0,10,1,4.0
18.575317390248976,103.02360137183894,1,0,0,1,2,3,0,0,0,10,2,4.0
18.561841986865463,102.84573674901908,1,0,2,2,2,2,3,0,4,10,1,4.0
18.508751929723136,102.7797108397207,1,1,0,1,0,4,0,3,0,40,1,4.0
18.518454933615438,102.76866118731029,1,0,2,4,2,2,3,3,0,10,1,4.0
18.55806958737425,102.92577761292844,1,1,0,0,2,3,0,3,2,10,1,4.0
18.570198342239625,102.97482326541528,1,0,1,1,2,4,4,0,0,10,1,4.0
18.63029364713691,102.823369898135,1,0,0,0,2,2,0,1,0,10,1,4.0
18.43248792440605,102.72634877741412,1,2,0,3,0,4,3,0,4,10,0,4.0
18.693898264563263,103.04489357936912,1,1,2,0,0,2,2,3,4,10,2,4.0
18.65401160564019,102.97428371418783,1,2,0,1,2,4,3,3,0,30,1,4.0
18.472909675455536,102.72473458283278,1,3,1,3,0,2,0,4,0,30,0,4.0
18.609812995998432,102.90259920565262,1,1,2,3,0,3,3,3,1,10,1,4.0
18.72327036320231,103.0454331305966,1,2,2,4,0,0,1,3,1,10,2,4.0
18.73189426463968,103.09447878308346,1,4,3,2,0,2,3,4,0,10,2,7.0
18.493929877821483,102.65951577082508,1,0,0,0,2,4,0,0,0,30,0,4.0
18.592837198287963,102.87834615502295,1,0,0,0,2,2,0,3,0,10,1,4.0
18.60765925018962,102.8694502484213,1,0,0,0,0,3,0,2,1,10,1,4.0
18.637031348828664,103.0990627389664,1,1,3,0,0,0,2,2,4,10,2,4.0
18.43060172466045,102.7072147747938,1,2,3,1,0,1,3,2,3,10,0,4.0
18.501479135904965,102.76327013413668,1,2,1,0,1,3,1,3,1,10,1,4.0
18.445691322625308,102.68161507564596,1,1,1,4,2,2,2,4,3,10,0,4.0
18.646194801493497,102.82687029246196,1,0,0,3,2,4,4,0,0,10,1,4.0
18.523573981624796,102.81339488907844,1,1,4,4,0,0,3,4,1,10,1,4.0
18.730815162184737,103.04920553008785,1,3,2,2,0,3,3,3,2,10,2,4.0
18.425478217550037,102.6894274206916,1,2,2,3,0,3,3,4,3,10,0,4.0
18.564807289066003,102.80423589551468,1,0,0,3,2,3,0,2,1,10,1,4.0
18.72569611417539,103.02306182061146,1,3,3,3,0,0,1,4,1,10,2,4.0
18.58582749143195,102.8263307412345,1,0,1,3,0,2,0,1,1,10,1,4.0
18.58744614511435,103.00527892561034,1,1,2,0,2,0,1,1,4,10,2,4.0
18.59148609066877,102.93494106559326,1,2,1,3,0,3,1,3,3,10,1,4.0
18.53139078577148,103.05163128106088,1,0,1,0,2,4,2,3,2,10,2,4.0
18.533548990681343,102.84546474385482,1,0,3,4,0,2,4,1,3,10,1,4.0
18.587446145114345,102.95784746770482,1,1,2,0,0,4,4,0,2,10,1,4.0
18.51926203090611,102.5816331118256,1,0,0,2,0,4,4,0,3,10,0,4.0
18.56372818661107,102.88049990083177,1,1,0,0,0,2,0,2,2,10,1,4.0
18.57693604393138,102.87268755578611,1,1,1,3,0,1,0,1,2,10,1,4.0
18.677457558979206,102.98991732248122,1,2,1,1,0,4,4,1,2,10,1,4.0
18.60631260167148,102.95568926279496,1,1,0,1,2,3,0,4,4,10,1,4.0
18.54001468720885,102.95029820962134,1,0,0,3,0,4,2,1,0,10,1,4.0
18.559148689829183,102.82902849737184,1,0,1,1,2,3,1,2,2,10,1,4.0
18.570198342239625,102.7942608864581,1,0,1,4,2,3,3,4,1,10,1,4.0
18.435181221442328,102.71583867623114,1,1,1,0,0,4,4,0,4,10,0,4.0
18.64565525026603,102.97509527057954,1,1,1,2,2,3,1,1,1,30,1,4.0
18.62598169641823,102.9524564145312,1,1,0,0,0,4,0,0,3,10,1,4.0
18.43032971949618,102.67784267615475,1,2,1,3,2,1,0,4,2,10,0,4.0
18.604961494052283,102.89559395789766,1,0,2,4,2,1,1,0,3,10,1,4.0
18.602268197016,103.13544454446148,1,2,3,2,0,2,3,4,2,10,2,4.0
18.61951599989073,103.07804253660046,1,0,1,4,2,4,4,0,4,10,2,4.0
18.67503180800613,103.1287068427697,1,1,1,4,0,1,0,4,2,10,2,4.0
18.55456919304729,102.8610983521482,1,0,1,1,2,3,3,4,1,10,1,4.0
18.50848438365993,102.71368493042236,1,1,3,4,0,3,4,3,3,10,0,4.0
18.66991275999678,103.1287068427697,1,1,3,3,0,0,1,4,2,10,2,4.0
18.566153937584144,102.7797108397207,1,0,0,4,0,4,0,0,0,40,1,4.0
18.544059091864323,102.91203020438068,1,0,0,1,2,4,3,2,1,10,1,4.0
18.51980158213357,102.88481185155042,1,1,3,4,2,0,2,4,2,10,1,4.0
18.656704902676477,102.95838701893229,1,2,2,3,0,4,4,0,1,10,1,4.0
18.60010999210613,102.95919411622296,1,1,1,1,2,1,0,2,3,10,1,4.0
18.6381104512836,102.9980016726911,1,0,1,0,0,4,3,2,4,10,1,4.0
18.543787086700064,103.0023136234098,1,0,0,2,0,3,0,1,0,10,2,4.0
18.56211399202973,103.05890853398012,1,0,0,2,0,4,0,0,0,30,2,4.0
18.5286974887352,103.07804253660046,1,1,2,4,0,2,2,4,3,10,2,4.0
18.67071985728745,102.93035710971034,1,3,0,3,0,4,1,2,1,10,1,4.0
18.65832355635887,103.1195433901049,1,2,3,0,0,0,2,3,4,10,2,4.0
18.68634900647978,102.91553505780868,1,3,2,3,2,0,1,3,2,10,1,4.0
18.48423133303024,102.69509047902946,1,0,1,4,1,3,3,1,0,10,0,4.0
18.61789734620833,102.82740984368942,1,1,0,0,2,3,0,4,1,10,1,4.0
18.598763343587997,102.8001914908592,1,0,0,1,0,4,4,0,1,10,1,4.0
18.667215003859443,102.81312734301524,1,3,1,1,0,2,0,3,1,10,1,4.0
18.6575164590682,102.88589095400538,1,1,0,2,2,4,2,4,2,10,1,4.0
18.547559486191275,102.8592121524026,1,0,0,3,0,4,3,2,2,40,1,4.0
18.570737893467083,102.8430434519828,1,0,0,0,2,4,0,1,3,10,1,4.0
18.51468253412422,102.98721956634388,1,1,0,1,0,3,0,4,2,10,1,4.0
18.682848612152824,102.83280089686303,1,4,2,0,2,1,1,4,0,10,1,4.0
18.56372818661107,102.9015201031977,1,1,1,4,0,2,0,1,2,10,1,4.0
18.64673435272097,103.03815587767738,1,0,0,0,0,4,4,1,1,10,2,4.0
18.677725105042416,103.0680675275439,1,0,1,4,0,3,3,0,3,10,2,4.0
18.57855023851273,102.839806144618,1,0,3,4,2,0,2,1,2,10,1,4.0
18.623020853318742,102.87052935087624,1,0,0,4,2,4,4,0,1,10,1,4.0
18.617357794980865,102.9149955065812,1,1,2,0,0,4,4,0,3,10,1,4.0
18.667215003859443,103.0858548816461,1,0,1,2,2,2,0,2,4,10,2,4.0
18.60765925018962,102.96916466617849,1,1,2,4,0,1,1,4,3,10,1,4.0
18.526811288989588,102.80612209526028,1,1,0,4,0,3,0,3,0,10,1,4.0
18.58502039414127,102.89963390345208,1,1,0,0,1,4,0,3,0,10,1,4.0
18.633530954501712,103.12654863785984,1,2,2,3,0,1,1,4,1,30,2,4.0
18.64080374831988,102.83495464267185,1,0,0,0,1,4,4,0,0,10,1,4.0
18.535163185262693,102.85894014723831,1,0,3,4,2,3,4,1,2,10,1,4.0
18.454854775290134,102.70155617555696,1,0,1,3,2,4,4,0,2,10,0,4.0
18.542707984245126,102.8953219527334,1,0,1,2,2,4,2,0,1,10,1,4.0
18.62625370158249,102.92389141318284,1,1,2,4,0,0,1,2,4,10,1,4.0
18.64835300640336,102.8220187905158,1,1,1,1,0,4,4,0,0,30,1,4.0
18.629758555010497,103.01174462213784,1,0,0,0,2,4,4,0,1,10,2,4.0
18.67071985728745,102.97805611367905,1,3,1,0,0,3,1,4,0,10,1,7.0
18.43760697241541,102.7427894829982,1,3,3,3,0,1,3,4,0,30,0,4.0
18.659402658813804,103.01174462213784,1,1,1,3,2,1,0,3,3,10,2,4.0
18.489078375875334,102.69859087335644,1,1,2,4,2,4,4,0,4,10,0,4.0
18.6003819972704,103.0006949697274,1,0,0,3,0,3,0,0,3,10,2,4.0
18.651585854667115,102.90502495662572,1,1,1,3,0,4,4,0,1,30,1,4.0
18.495008980276417,102.59591561249978,1,0,0,0,1,4,0,0,0,80,0,6.0
18.649967200984715,103.1154989854494,1,1,2,3,0,2,2,0,0,10,2,4.0
18.663175058305026,103.0454331305966,1,1,3,1,2,3,4,2,4,10,2,4.0
18.54594529160993,103.05944362610654,1,0,0,0,1,4,0,0,0,40,2,4.0
18.482880225411044,102.710987174285,1,3,1,4,0,1,0,4,1,10,0,4.0
18.55995578711985,102.78321569314872,1,0,0,2,2,4,0,2,0,30,1,4.0
18.69767066405448,103.01497747040158,1,3,2,0,2,0,1,4,3,10,2,4.0
18.545673286445663,102.98991732248122,1,0,0,2,2,3,0,1,2,10,1,4.0
18.714646461764943,103.04246782839608,1,2,3,2,2,1,3,2,4,10,2,4.0
18.56965879101216,102.9443720643213,1,2,2,3,2,3,3,3,2,10,1,4.0
18.592837198287963,102.95542171673176,1,1,2,3,2,2,2,1,4,10,1,4.0
18.602268197016,102.97913521613395,1,1,0,3,2,3,0,2,3,10,1,4.0
18.51764783632476,103.04166073110538,1,2,0,2,2,3,0,4,1,10,2,4.0
18.53650983378084,102.99530391655377,1,0,0,0,2,4,4,0,0,40,1,4.0
18.631372749591847,102.92604515899166,1,1,0,4,0,3,0,2,1,10,1,4.0
18.53812848746324,102.81447399153338,1,0,0,0,2,4,4,0,2,10,1,4.0
18.60819880141709,102.79938439356852,1,1,1,2,0,2,2,1,3,10,1,4.0
18.51710828509729,102.87484130159494,1,2,0,3,2,4,0,4,2,10,1,4.0
18.634338051792387,102.95811501376804,1,1,3,3,0,1,3,0,3,10,1,4.0
18.523845986789052,103.08046828757352,1,2,2,4,0,2,2,4,2,10,2,4.0
18.691472513590192,103.06456713321695,1,0,1,1,0,1,0,0,0,10,2,4.0
18.57882224367698,102.90017345467956,1,1,1,4,2,1,0,3,1,10,1,4.0
18.52384598678905,102.9899173224812,1,1,2,0,0,0,1,3,2,10,1,4.0
18.68069040724296,103.063488030762,1,0,0,0,2,4,3,0,1,10,2,4.0
18.60765925018962,102.99395726803564,1,0,0,3,2,4,4,0,3,10,1,4.0
18.52114823065171,102.8969406064158,1,1,1,0,0,3,1,4,3,10,1,4.0
18.426824866068173,102.67568447124486,1,1,0,2,2,4,0,4,4,10,0,4.0
18.543787086700064,103.04004207742298,1,0,0,1,2,4,4,0,0,10,2,4.0
18.596337592614923,102.93871346508448,1,2,1,1,2,1,0,4,2,10,1,4.0
18.661288858559416,102.8861585000686,1,2,3,3,2,3,4,4,2,10,1,4.0
18.63217984688252,103.09232503727463,0,1,2,2,0,2,2,1,1,10,2,4.0
18.727854319085253,103.03519057547685,0,3,2,2,2,2,2,4,1,10,2,4.0
18.55753003614678,103.13651918781534,0,2,2,3,0,2,2,4,0,10,2,4.0
18.7197655097743,103.07804253660046,0,3,3,1,0,3,4,3,2,10,2,4.0
18.57639649270391,102.97105086592408,0,2,3,2,2,1,3,2,2,10,1,4.0
18.684195260670965,102.98506582053508,0,3,3,2,0,2,4,3,0,10,1,7.0
18.554569193047293,102.93224330945594,0,1,3,1,2,1,3,4,2,10,1,4.0
18.649427649757246,103.12277623836862,0,1,2,2,0,4,4,0,4,10,2,4.0
18.60146109972533,103.03061107869496,0,1,3,2,0,1,3,4,2,10,2,4.0
18.674224710715457,102.96970421740596,0,4,3,3,2,0,2,4,0,10,1,7.0
18.56885169372148,103.03276482450376,0,0,0,1,0,4,0,0,0,50,2,4.0
18.54540574038246,103.01497747040158,0,0,0,1,2,4,0,2,0,10,2,4.0
18.56211399202973,103.08424068706476,0,1,2,2,0,2,2,2,2,10,2,4.0
18.670719857287448,102.97105086592408,0,4,4,1,0,0,3,4,0,10,1,7.0
18.645655250266028,102.94545116677624,0,1,1,2,0,3,2,1,2,10,1,4.0
18.55025724232861,103.12546953540492,0,1,2,3,0,0,1,1,1,10,2,4.0
18.64996720098472,103.1252019893417,0,1,2,2,0,0,1,0,4,10,2,4.0
18.661828409786875,102.90771825366198,0,3,2,2,0,0,1,1,2,10,1,4.0
18.65050675221218,103.10957284014935,0,1,2,2,0,1,1,1,4,10,2,4.0
18.71680466667481,103.127895286378,0,4,1,2,0,1,0,4,4,10,2,4.0
18.548906134709416,103.00527892561034,0,0,0,1,0,4,0,1,0,50,2,4.0
18.714646461764943,103.06860707877138,0,3,3,2,0,0,2,3,0,10,2,4.0
18.65239295195779,102.97724901638836,0,2,2,1,0,3,4,3,3,10,1,4.0
18.649160103694044,103.10310268452082,0,0,2,2,0,3,3,1,3,10,2,4.0
18.59526294926104,103.14730129416256,0,3,0,0,0,2,0,4,1,10,2,4.0
18.71707221273802,103.11792473642248,0,3,2,2,0,1,1,2,3,10,2,4.0
18.710066964983056,103.11469188815872,0,3,2,2,0,0,1,1,1,10,2,4.0
18.694705361853934,103.0920530321104,0,2,0,3,0,2,0,2,2,10,2,4.0
18.717879310028696,103.02979952230322,0,1,3,2,0,3,4,2,1,10,2,4.0
18.702522166000627,103.06833953270817,0,1,3,1,0,0,2,1,3,10,2,4.0
18.6739527055512,102.96997176346912,0,4,3,3,0,0,2,4,0,10,1,7.0
18.632719398109984,103.09636498282906,0,1,3,2,0,4,4,1,4,10,2,4.0
18.712760262019337,103.0403096234862,0,1,3,2,0,0,2,1,4,10,2,4.0
18.706022560327582,103.11172658595818,0,2,2,2,0,0,1,1,2,10,2,4.0
18.68608146041657,103.10364223574828,0,2,2,2,0,0,1,3,4,10,2,4.0
18.696591561599543,103.11819674158674,0,2,2,2,0,4,4,0,1,10,2,4.0
18.721656168620964,103.08801308655596,0,3,1,1,0,3,2,2,0,10,2,4.0
18.702789712063836,103.08450823312796,0,3,0,2,0,2,0,2,3,10,2,4.0
18.7213841634567,103.07992873634608,0,3,2,2,0,2,2,3,1,10,2,4.0
18.715993110283087,103.04435402814168,0,2,3,2,0,1,3,3,2,10,2,4.0
18.65724445390394,102.92038655975482,0,3,4,2,2,0,3,1,1,10,1,4.0
18.711681159564403,103.05163128106088,0,1,3,2,0,0,2,1,4,10,2,4.0
18.535163185262697,102.93817391385704,0,0,0,4,2,4,4,0,0,50,1,4.0
18.71249271595613,103.0694186351631,0,3,3,1,0,0,1,2,1,10,2,4.0
18.683923255506706,102.98749157150814,0,3,3,1,0,2,3,3,1,10,1,4.0
18.57936179490445,102.97185796321476,0,2,2,1,1,0,1,3,1,10,1,4.0
18.711141608336938,103.03734878038672,0,1,1,1,0,4,4,0,4,10,2,4.0
18.559416235892385,103.09339968062854,0,1,3,2,2,2,4,4,3,10,2,4.0
18.61089209845337,103.1012164847752,0,1,2,2,0,3,4,3,4,10,2,4.0
18.70682965761825,103.08424068706476,0,3,2,1,0,1,1,1,1,10,2,4.0
18.552143442074215,102.93547615771968,0,0,3,1,0,3,4,4,3,10,1,4.0
18.552682993301683,103.12035048739556,0,1,3,2,0,1,3,2,2,10,2,4.0
18.631372749591847,103.0920530321104,0,1,2,2,0,2,2,1,3,10,2,4.0
18.65293250318526,102.91364885806308,0,2,2,1,0,1,1,1,2,10,1,4.0
18.687160562871505,102.97616991393345,0,4,4,2,0,1,4,4,0,10,1,7.0
18.711141608336938,103.06968618122627,0,3,1,1,0,2,2,2,1,10,2,4.0
18.677725105042416,102.81070159204216,0,4,3,3,2,0,2,4,0,30,1,4.0
18.714918466929205,103.13625164175214,0,3,2,2,0,0,1,2,2,10,2,4.0
18.615204049172053,102.97536281664276,0,1,3,1,0,3,4,2,3,10,1,4.0
18.665868355341303,103.02064052873943,0,2,2,1,0,4,4,4,3,10,2,4.0
18.63487760301985,103.10040938748452,0,1,2,2,0,0,1,2,2,10,2,4.0
18.71707221273802,103.12816729154224,0,4,3,1,0,0,2,4,4,10,2,4.0
18.65993775094022,102.91445595535372,0,2,4,1,2,4,4,0,0,10,1,4.0
18.712220710791875,103.040042077423,0,1,2,2,0,0,1,1,2,10,2,4.0
18.658051551194607,102.97347661689714,0,2,2,2,0,3,4,3,3,10,1,4.0
18.65023920614897,103.10552843549392,0,1,2,2,0,0,1,1,4,10,2,4.0
18.684195260670965,103.00931887116477,0,4,4,2,2,0,2,4,0,10,2,4.0
18.707641214009985,103.06968618122627,0,2,2,1,0,1,1,2,3,10,2,4.0
18.57693604393138,102.97132287108832,0,2,4,2,2,1,3,2,1,10,1,4.0
18.710606516210525,103.11469188815872,0,3,2,2,0,0,1,1,3,10,2,4.0
18.684462806734167,102.99153151706255,0,3,2,2,0,2,3,3,3,10,1,4.0
18.65185340073032,103.11792473642248,0,1,3,2,0,2,3,1,1,10,2,4.0
18.60146109972533,103.02252672848506,0,1,4,2,2,1,3,3,3,10,2,4.0
18.645115699038566,102.9330504067466,0,1,2,1,0,3,3,1,2,10,1,4.0
18.65050675221218,102.91122310709,0,1,1,2,0,2,2,1,2,10,1,4.0
18.54540574038246,103.01470992433838,0,0,0,2,0,4,0,2,0,50,2,4.0
18.60469394798908,103.0303390735307,0,1,3,2,2,0,1,4,2,10,2,4.0
18.558881143765973,103.08801308655596,0,0,3,2,0,1,3,3,3,10,2,4.0
18.69685910766275,103.11819674158674,0,2,2,2,0,4,4,0,1,10,2,4.0
18.56130689473905,103.11495943422192,0,2,3,2,0,0,2,4,1,10,2,4.0
18.683383704279237,103.1074146352395,0,1,2,2,0,0,1,1,4,10,2,4.0
18.71356735931001,103.06887908393564,0,3,3,1,2,0,2,3,1,10,2,4.0
18.59499094409678,103.01282372459276,0,1,3,2,0,0,1,1,4,10,2,4.0
18.692547156944077,103.12682064302412,0,2,2,1,0,0,1,2,2,10,2,4.0
18.68580945525231,103.10768664040376,0,2,2,3,0,0,1,2,4,10,2,4.0
18.70898786252812,103.0616018310164,0,2,3,2,2,0,2,1,1,10,2,4.0
18.5548367391105,103.1370587390428,0,2,3,2,0,1,3,3,1,10,2,4.0
18.64808100123911,103.12466243811424,0,1,2,2,0,4,4,0,2,10,2,4.0
18.5925651931237,103.03950252619552,0,0,3,2,0,3,4,2,3,10,2,4.0
18.674492256778667,102.96943221224168,0,4,3,3,0,0,2,4,0,10,1,7.0
18.550792334455025,103.14271733827964,0,1,2,2,0,3,3,2,2,10,2,4.0
18.68608146041657,102.98371917201692,0,3,4,2,0,2,4,4,0,10,1,7.0
18.712220710791872,103.11577099061364,0,3,2,2,0,1,1,1,3,10,2,4.0
18.586906593886884,103.13759829027028,0,2,3,2,0,1,3,3,0,10,2,4.0
18.66694745779624,102.94868401504,0,3,3,2,0,3,4,1,0,10,1,4.0
18.67853666143414,102.8136668942427,0,4,3,3,0,0,1,4,0,10,1,4.0
18.699824409863293,103.0672604302532,0,1,2,2,0,0,1,1,3,10,2,4.0
18.676110910461063,102.81016204081467,0,4,3,3,0,0,2,4,0,30,1,4.0
18.600921548497865,103.03330437573123,0,1,1,1,2,2,2,4,4,10,2,4.0
18.704136360581973,103.06968618122627,0,2,3,2,0,0,2,2,4,10,2,4.0
18.700903512318227,103.08828063261916,0,2,1,1,0,1,0,2,1,10,2,4.0
18.70710166278252,103.08882018384664,0,2,1,1,2,1,0,0,4,10,2,4.0
18.575589395413235,102.98883822002628,0,0,3,2,0,0,2,2,3,10,1,4.0
18.586639047823677,103.14218224615324,0,2,2,1,0,1,3,3,0,10,2,4.0
18.634338051792387,102.97913521613398,0,0,2,2,0,1,3,1,2,10,1,4.0
18.676378456524272,102.96161986719603,0,4,3,2,0,1,3,4,0,10,1,7.0
18.718690866420424,103.02979952230324,0,2,3,2,0,3,4,2,1,10,2,4.0
18.66991275999678,102.97132287108832,0,4,2,1,0,0,1,4,0,10,1,7.0
18.672066505805592,102.97051131469662,0,4,2,1,0,1,1,4,0,10,1,7.0
18.697131112827016,103.0850477843554,0,2,3,2,0,1,3,3,3,10,2,4.0
18.432215919241795,102.6492732157053,0,0,0,2,2,4,4,0,0,50,0,4.0
18.63164475475611,103.0920530321104,0,1,1,2,0,2,2,1,4,10,2,4.0
18.68688855770725,103.100948938712,0,1,3,2,0,0,2,3,4,10,2,4.0
18.72677521663032,103.08612688681036,0,3,3,2,0,2,3,4,0,10,2,6.0
18.58744614511435,103.1394844900159,0,2,3,1,0,0,2,3,2,10,2,4.0
18.70818076523745,103.06132982585214,0,2,4,2,2,0,2,1,2,10,2,4.0
18.56103488957479,103.08882018384664,0,1,3,2,0,1,3,3,3,10,2,4.0
18.55537629033797,102.93224330945594,0,1,3,1,0,1,3,4,1,10,1,4.0
18.68688855770725,103.09151348088292,0,1,2,2,0,2,2,3,4,10,2,4.0
18.71518601299241,103.04435402814168,0,2,3,2,0,1,3,2,1,10,2,4.0
18.67826465626988,103.02683867920372,0,4,4,3,0,0,3,4,0,10,2,7.0
18.70548300910012,103.0597156312708,0,2,3,2,0,0,2,0,3,10,2,4.0
18.704136360581973,103.06779998148068,0,2,3,2,0,0,2,2,3,10,2,4.0
18.711953164728666,103.1154989854494,0,3,1,3,0,2,0,1,2,10,2,4.0
18.730815162184737,103.10633553278456,0,3,1,2,2,3,2,1,3,10,2,7.0
18.649699654921505,103.10768664040376,0,1,0,2,0,4,1,1,4,10,2,4.0
18.59418384680611,103.11118703473072,0,1,0,2,0,3,1,2,4,10,2,4.0
18.554569193047296,103.1071470891763,0,1,2,3,2,2,3,3,2,10,2,4.0
18.65589780538579,102.9783281188433,0,2,3,2,0,2,3,4,3,10,1,4.0
18.554569193047293,102.93601570894717,0,0,1,1,0,3,3,4,4,10,1,4.0
18.551603890846756,103.14271733827964,0,1,3,2,0,2,4,3,2,10,2,4.0
18.578282692449516,103.00554647167353,0,0,3,2,0,4,4,0,3,10,2,4.0
18.676378456524272,102.81663219644324,0,3,3,2,0,3,4,4,0,10,1,4.0
18.693898264563263,103.1195433901049,0,2,1,1,0,4,4,0,4,10,2,4.0
18.732433815867147,103.11118703473072,0,3,2,2,0,4,4,0,4,10,2,7.0
18.684195260670965,103.1074146352395,0,1,2,2,0,1,1,2,4,10,2,4.0
18.718690866420424,103.0977116313472,0,3,2,2,0,2,2,3,4,10,2,4.0
18.724617011720447,103.06456713321695,0,3,0,3,0,4,3,0,1,10,2,4.0
18.65185340073032,102.91661416026362,0,2,3,1,0,0,2,2,2,10,1,4.0
18.6755713592336,102.9540750682136,0,4,4,2,2,0,4,3,0,10,1,7.0
18.673685159487995,102.9702437686334,0,4,2,2,0,0,1,4,0,10,1,7.0
18.574777839021507,102.9802143185889,0,0,4,2,2,1,4,1,4,10,1,4.0
18.714378915701744,103.11657808790432,0,3,1,3,0,2,2,1,0,30,2,4.0
18.56265354325719,103.08693398410102,0,1,3,2,2,0,2,3,3,10,2,4.0
18.65212540589458,102.91661416026362,0,2,3,1,0,0,2,2,2,10,1,4.0
18.689586313844572,103.0796567311818,0,1,2,2,0,2,2,3,4,10,2,4.0
18.627060798873163,102.97159041715156,0,1,2,2,0,2,3,0,2,10,1,4.0
18.700903512318227,103.0651066844444,0,1,2,2,0,3,4,1,4,10,2,4.0
18.706562111555048,103.06968618122627,0,2,4,1,2,0,2,2,4,10,2,4.0
18.701982614773165,103.06025518249828,0,1,2,1,0,0,1,1,3,10,2,4.0
18.69120050842593,103.0877410813917,0,1,2,1,2,1,1,4,4,10,2,4.0
18.68608146041657,102.98344716685268,0,3,4,2,0,2,4,4,0,10,1,7.0
18.701171058381437,103.06779998148068,0,1,2,1,0,1,1,1,1,10,2,4.0
18.626793252809957,103.07804253660046,0,1,2,1,0,1,1,1,3,10,2,4.0
18.661016853395157,102.91391640412628,0,2,1,0,0,4,4,0,0,10,1,4.0
18.593376749515432,103.11118703473072,0,1,2,2,0,2,2,2,4,10,2,4.0
18.59607004655172,103.06025518249828,0,0,2,2,0,3,4,1,3,10,2,4.0
18.668833657541843,103.05863652881584,0,0,0,2,0,4,1,2,4,10,2,4.0
18.625174599127558,103.00716512535594,0,1,4,2,0,0,2,2,4,10,2,4.0
18.65077875737644,102.97724901638836,0,1,2,1,0,3,4,3,3,10,1,4.0
18.65535825415833,102.93143621216524,0,3,3,1,0,0,2,3,1,10,1,4.0
18.67125940851492,102.97105086592408,0,4,4,1,0,0,3,4,0,10,1,7.0
18.674492256778667,102.96970421740596,0,4,3,3,0,0,2,4,0,10,1,7.0
18.68473481189843,102.97159041715156,0,4,1,4,2,1,0,4,0,10,1,4.0
18.713839364474275,103.06860707877138,0,3,3,2,0,0,2,3,2,10,2,4.0
18.651313849502856,103.10795418646698,0,1,2,3,0,1,1,2,4,10,2,4.0
18.68769565499792,103.09529033947518,0,1,3,1,0,1,3,3,4,10,2,4.0
18.731087167349006,103.06294847953455,0,3,2,3,0,2,2,1,1,10,2,6.0
18.706562111555044,103.06914662999884,0,2,1,3,0,2,0,2,4,10,2,4.0
18.70359680935451,103.0597156312708,0,1,3,2,0,0,1,1,3,10,2,4.0
18.585559945368736,103.13167214497028,0,1,3,2,0,3,4,1,0,10,2,4.0
18.68580945525231,103.11846428764994,0,1,0,2,0,4,0,0,4,10,2,4.0
18.707908760073188,103.0651066844444,0,1,4,2,0,2,4,2,4,10,2,4.0
18.70548300910011,103.08424068706476,0,3,1,1,0,1,0,2,1,10,2,4.0
18.560767343511586,103.10013738232028,0,2,3,2,0,1,3,4,2,10,2,4.0
18.69093296236272,103.12089003862302,0,1,3,2,0,0,1,0,4,10,2,4.0
18.6346055978556,103.10229558723016,0,1,3,2,0,0,2,2,3,10,2,4.0
18.685541909189105,103.10364223574828,0,2,3,2,0,0,2,3,4,10,2,4.0
18.693626259399004,103.10013738232028,0,2,0,2,0,3,0,2,1,10,2,4.0
18.5906789933781,102.94922356626743,0,1,1,2,0,3,2,3,4,10,1,4.0
18.668833657541843,103.03141817598562,0,2,3,2,2,1,3,4,3,10,2,4.0
18.681769509697894,102.85516774774712,0,4,4,3,0,0,4,4,0,10,1,4.0
18.712760262019337,103.06914662999884,0,3,2,2,0,0,1,2,2,10,2,4.0
18.7017106096089,103.083429130673,0,2,2,3,0,1,1,1,4,10,2,4.0
18.554029641819824,103.1351725392972,0,2,2,2,0,3,3,3,2,10,2,4.0
18.61816935137259,103.11118703473072,0,2,3,2,0,0,2,4,3,10,2,4.0
18.59472339803357,103.10472133820322,0,1,3,2,0,1,3,3,3,10,2,4.0
18.5564553927929,102.93197576339271,0,1,4,1,0,0,3,4,1,10,1,4.0
18.60307529430668,103.1351725392972,0,2,2,3,2,2,3,4,4,10,2,4.0
18.707908760073188,103.06968618122627,0,2,1,1,0,1,0,2,4,10,2,4.0
18.686349006479777,102.98371917201692,0,3,3,2,0,2,4,4,0,10,1,7.0
18.682848612152824,103.00392781799113,0,3,3,2,2,0,2,3,0,10,2,7.0
18.589871896087423,102.98910576608948,0,1,3,1,0,2,3,0,2,10,1,4.0
18.655090708095123,102.90933690734438,0,1,4,2,2,4,4,0,2,10,1,4.0
18.55133188568249,103.12843483760544,0,1,2,3,0,1,1,2,2,10,2,4.0
18.69443335668968,103.08828063261916,0,2,2,2,2,2,2,3,4,10,2,4.0
18.682037055761096,103.10687508401205,0,1,3,2,2,0,2,1,3,10,2,4.0
18.70629456549184,103.09636498282906,0,2,3,2,2,1,3,0,4,10,2,4.0
18.65104630343965,103.13113259374278,0,2,1,3,0,1,0,2,0,10,2,4.0
18.703868814518767,103.10229558723016,0,2,2,2,0,4,4,0,3,10,2,4.0
18.651585854667115,103.1216971359137,0,1,2,2,0,2,2,0,4,10,2,4.0
18.63379850056492,103.10013738232028,0,1,3,3,0,0,1,2,3,10,2,4.0
18.7114136135012,103.07237947826258,0,2,2,2,0,1,3,1,3,30,2,4.0
18.68473481189843,102.98075386981638,0,3,4,2,0,2,4,4,0,10,1,7.0
18.717879310028696,103.02899242501256,0,1,3,2,0,2,3,2,3,10,2,4.0
18.727042762693525,103.08612688681036,0,3,4,2,0,1,4,4,0,10,2,6.0
18.645387704202825,102.9330504067466,0,1,1,1,2,3,3,1,2,10,1,4.0
18.719497963711092,103.07291902949004,0,3,1,4,0,1,0,3,0,10,2,4.0
18.592837198287963,103.0481264276329,0,0,3,2,0,1,3,0,4,10,2,4.0
18.581787545877525,102.9963830190087,0,0,4,2,0,4,4,0,2,10,1,4.0
18.684734811898437,103.11064748350326,0,1,1,1,0,2,0,0,4,10,2,4.0
18.714646461764943,103.10472133820322,0,3,2,1,2,3,4,1,4,10,2,4.0
18.649427649757243,103.12493444327848,0,1,2,2,2,3,3,0,3,10,2,4.0
18.715993110283087,103.03977453135978,0,2,3,2,0,0,2,2,2,10,2,4.0
18.58502039414127,103.13167214497028,0,1,3,2,0,2,4,1,1,10,2,4.0
18.682037055761096,103.10310268452082,0,1,1,2,0,2,2,2,4,10,2,4.0
18.72650321146606,103.0580969775884,0,3,2,2,0,4,4,1,2,10,2,4.0
18.6087338935435,103.09555788553838,0,1,3,2,0,0,1,2,2,10,2,4.0
18.70925540859133,103.07507723439991,0,2,3,2,0,1,3,0,4,10,2,4.0
18.58636704265941,102.99153151706255,0,1,3,2,0,4,4,0,3,10,1,4.0
18.666407906568764,102.99261061951748,0,1,2,2,0,3,3,0,2,10,1,4.0
18.552143442074215,103.13651918781534,0,1,2,2,0,3,3,2,4,10,2,4.0
18.56238153809293,103.097444085284,0,2,3,2,0,0,2,4,3,10,2,4.0
18.55375763665556,103.11981093616808,0,1,3,2,0,1,3,3,1,10,2,4.0
18.59013944215063,102.98937777125374,0,1,3,1,2,2,4,0,3,10,1,4.0
18.6852743631259,102.98075386981638,0,3,3,2,0,3,4,4,0,10,1,7.0
18.723002817139104,103.0866664380378,0,3,2,2,0,3,3,3,1,10,2,4.0
18.690660957198464,103.08100337969996,0,1,3,2,0,1,3,3,4,10,2,4.0
18.65805155119461,102.97428371418783,0,2,3,2,2,3,4,4,4,10,1,4.0
18.660209756104475,102.9149955065812,0,2,4,1,0,4,4,0,0,10,1,4.0
18.59472339803357,103.09313213456532,0,0,4,2,0,2,4,2,3,10,2,4.0
18.58636704265941,102.99126397099936,0,1,2,2,0,4,4,0,3,10,1,4.0
18.7132998132468,103.06887908393564,0,3,2,1,0,1,1,3,0,10,2,4.0
18.73135471341221,103.0680675275439,0,3,2,2,0,4,4,2,4,10,2,6.0
18.5548367391105,102.93224330945594,0,1,3,1,0,1,3,4,1,10,1,4.0
18.593376749515432,103.04812642763288,0,0,2,2,0,2,2,0,3,10,2,4.0
18.65050675221218,103.10795418646698,0,1,1,2,0,1,0,2,4,10,2,4.0
18.70629456549184,103.10202358206588,0,2,1,2,1,1,1,1,4,10,2,4.0
18.576936043931376,102.98721956634388,0,1,3,1,0,0,1,2,3,10,1,4.0
18.71923041764789,103.07804253660046,0,3,2,2,0,3,4,3,2,10,2,4.0
18.595798041387454,103.01039797361967,0,1,3,2,0,0,2,1,3,10,2,4.0
18.70305725812704,103.10013738232028,0,2,3,2,0,4,4,0,3,10,2,4.0
18.685541909189105,102.9810214158796,0,3,4,2,2,2,4,4,0,10,1,7.0
18.69281916210833,103.11199859112244,0,1,3,2,0,4,4,0,4,10,2,4.0
18.727582313921,103.0580969775884,0,3,2,2,0,4,4,1,1,10,2,4.0
18.59472339803357,103.04839843279714,0,0,2,1,0,2,2,1,3,10,2,4.0
18.6478134551759,102.91014400463506,0,1,2,2,0,1,1,1,0,10,1,4.0
18.71249271595613,103.06914662999884,0,3,2,2,0,1,1,2,2,10,2,4.0
18.689046762617117,103.10148848993948,0,2,0,2,0,3,0,3,1,10,2,4.0
18.69605201037208,103.07345858071751,0,1,0,0,0,4,4,0,4,10,2,4.0
18.555104285173705,103.13005349128784,0,2,2,2,0,2,2,3,1,10,2,4.0
18.599842446042928,103.11657808790434,0,2,1,2,0,4,3,3,2,10,2,4.0
18.70844831130066,103.06132982585214,0,2,4,2,0,0,2,1,2,10,2,4.0
18.66209595585009,103.12466243811424,0,1,2,2,0,1,1,4,2,10,2,4.0
18.70629456549184,103.08424068706476,0,3,2,0,0,0,1,2,1,10,2,4.0
18.687160562871505,102.97967476736144,0,4,4,2,0,2,4,4,0,10,1,7.0
18.561034889574785,103.08693398410102,0,1,3,1,0,1,3,3,2,10,2,4.0
18.55618338762864,103.13005349128784,0,2,1,2,0,3,1,3,1,10,2,4.0
18.654551156867655,102.92361940801858,0,2,1,2,2,1,0,3,3,10,1,4.0
18.69605201037208,103.11846428764994,0,2,1,2,0,4,4,0,2,10,2,4.0
18.683923255506706,103.1074146352395,0,1,1,2,0,1,0,2,4,10,2,4.0
18.69308670817154,103.12682064302412,0,2,2,1,0,0,1,2,2,10,2,4.0
18.7114136135012,103.1152314393862,0,3,1,2,0,2,0,1,2,10,2,4.0
18.593104744351173,103.11118703473072,0,1,2,2,0,2,2,2,4,10,2,4.0
18.6364917976012,103.13975649518014,0,2,1,3,0,1,0,4,1,10,2,4.0
18.650778757376443,103.10795418646698,0,1,1,2,0,1,0,2,4,10,2,4.0
18.718690866420424,103.08208248215487,0,3,2,3,0,2,3,2,4,10,2,4.0
18.65401160564019,102.90583205391638,0,1,3,1,2,4,4,0,2,10,1,4.0
18.70872031646492,103.0616018310164,0,2,3,2,2,0,2,1,3,10,2,4.0
18.65805155119461,102.91364885806308,0,2,2,0,0,1,1,0,2,10,1,7.0
18.554569193047293,102.9292780072554,0,1,3,1,2,1,3,4,2,10,1,4.0
18.677725105042416,103.00123452095488,0,2,1,2,0,3,3,2,4,10,2,4.0
18.623555945445155,103.10876128375764,0,2,2,0,0,1,1,3,2,10,2,4.0
18.71680466667481,103.12277623836864,0,3,3,2,0,2,3,3,3,10,2,4.0
18.697938210117684,103.08208248215487,0,2,2,2,0,2,2,2,1,10,2,4.0
18.634605597855597,103.077502985373,0,0,2,2,0,0,1,1,4,10,2,4.0
18.61493204400779,102.97347661689716,0,1,3,2,0,3,4,2,4,10,1,4.0
18.689046762617117,103.08046828757352,0,1,3,2,0,1,3,3,4,10,2,4.0
18.683923255506706,103.1012164847752,0,1,4,2,0,0,2,3,4,10,2,4.0
18.684195260670965,103.12682064302412,0,2,1,1,2,2,0,3,3,10,2,4.0
18.59364429557864,103.0632204846988,0,0,1,3,0,3,1,1,4,10,2,4.0
18.634070505729184,103.10040938748452,0,1,3,2,2,0,2,2,3,10,2,4.0
18.695784464308872,103.1125381423499,0,2,1,2,0,2,0,0,4,10,2,4.0
18.58609949659621,103.1394844900159,0,2,2,2,0,2,2,3,1,10,2,4.0
18.69308670817153,103.12654863785984,0,2,1,2,0,1,0,2,1,10,2,4.0
18.70844831130066,103.06968618122627,0,2,1,1,2,3,1,2,3,10,2,4.0
18.57855023851273,103.00392781799113,0,0,3,2,2,4,4,0,4,10,2,4.0
18.5842132968506,103.131400139806,0,1,3,2,0,3,4,1,1,10,2,4.0
18.6852743631259,102.98156096710704,0,3,4,2,2,2,4,4,0,10,1,7.0
18.674759802841876,102.96997176346912,0,4,0,2,0,2,0,4,0,10,1,7.0
18.688507211389645,102.97590236787022,0,4,4,2,0,0,2,4,0,10,1,7.0
18.68500235796164,102.98102141587958,0,3,4,1,0,2,4,4,0,10,1,7.0
18.711141608336938,103.0680675275439,0,2,1,1,0,3,1,2,2,10,2,4.0
18.550257242328605,103.127895286378,0,1,3,2,1,0,2,1,3,10,2,4.0
18.65670490267647,102.9783281188433,0,2,2,2,0,2,3,4,2,10,1,4.0
18.54998523716435,103.14191024098896,0,1,3,1,0,2,4,2,2,10,2,4.0
18.7149184669292,103.03411147302192,0,1,2,2,0,4,4,1,4,10,2,4.0
18.651313849502856,102.91338131199986,0,2,3,1,0,0,2,1,1,10,1,4.0
18.70629456549184,103.059983177334,0,2,2,1,0,0,1,0,4,10,2,4.0
18.650239206148974,103.10795418646698,0,1,1,2,0,1,1,1,4,10,2,4.0
18.672873603096264,102.94652581013014,0,4,1,3,0,2,2,3,0,10,1,4.0
18.702789712063836,103.06106227978891,0,1,1,2,0,1,0,1,0,10,2,4.0
18.623020853318742,102.94922356626743,0,1,2,2,0,1,1,1,4,10,1,4.0
18.59445139286932,103.04839843279716,0,0,2,2,0,2,2,1,4,10,2,4.0
18.59148609066877,102.98964531731696,0,2,3,2,0,2,3,1,1,10,1,4.0
18.577203589994586,102.97159041715156,0,2,4,2,0,0,3,2,1,10,1,4.0
18.662095955850088,102.89074245595152,0,3,1,2,0,3,3,4,1,10,1,4.0
18.72246326591164,103.07884963389112,0,3,2,2,0,2,2,3,3,10,2,4.0
18.549985237164343,103.12762774031478,0,1,3,2,0,0,2,1,3,10,2,4.0
18.551064339619284,102.92685225628232,0,1,2,2,0,2,3,4,1,10,1,4.0
18.580440897359384,103.002581169473,0,1,2,2,0,2,3,0,3,10,2,4.0
18.59041144731489,102.98937777125371,0,1,3,2,2,2,4,0,2,10,1,4.0
18.603886850698405,103.03896297496809,0,1,2,2,0,2,3,4,3,10,2,4.0
18.60577305044401,103.0901668323648,0,1,2,1,0,1,1,0,2,10,2,4.0
18.72030506100177,103.08639443287358,0,3,1,2,0,3,3,2,1,10,2,4.0
18.56696549397587,103.11415233693128,0,2,1,0,0,3,1,4,2,10,2,4.0
18.705755014264376,103.08450823312796,0,2,2,1,0,0,1,2,2,10,2,4.0
18.593104744351177,103.11738518519502,0,1,0,2,0,3,0,2,4,10,2,4.0
18.592025641896235,103.05081972466915,0,0,2,2,0,2,2,0,3,10,2,4.0
18.71761176396549,103.0796567311818,0,2,1,2,0,3,3,2,2,10,2,4.0
18.57801514638631,102.97159041715156,0,2,2,2,0,2,2,3,1,10,1,4.0
18.71841886125616,103.08235448731914,0,3,2,2,2,3,3,2,2,10,2,4.0
18.67583890529681,102.8101620408147,0,4,3,3,1,0,2,4,0,30,1,4.0
18.66452170682317,102.94410005915708,0,3,2,1,2,2,3,2,3,10,1,4.0
18.578282692449516,103.07831008266366,0,1,2,2,0,0,1,2,3,10,2,4.0
18.712220710791872,103.07561678562736,0,2,2,1,0,2,2,1,1,10,2,4.0
18.663982155595694,103.07884963389114,0,0,1,2,0,2,0,3,4,10,2,4.0
18.714378915701744,103.09313213456532,0,3,1,2,0,3,2,1,3,10,2,4.0
18.7033292632913,103.13113259374278,0,3,1,2,0,1,0,3,4,10,2,4.0
18.716265115447342,103.12789528637798,0,4,1,2,0,1,1,4,4,10,2,4.0
18.550792334455025,103.1187362928142,0,1,3,2,0,1,3,2,3,10,2,4.0
18.70710166278252,103.09447878308346,0,2,1,2,0,4,4,0,3,10,2,4.0
18.647273903948427,102.90987645857184,0,1,1,2,0,1,0,0,0,10,1,4.0
18.71356735931001,103.06860707877138,0,3,3,2,0,0,2,3,1,10,2,4.0
18.69227961088086,103.12682064302412,0,2,2,2,0,0,1,2,2,10,2,4.0
18.653472054412724,103.11577099061364,0,1,3,2,0,1,3,1,2,10,2,4.0
18.6852743631259,103.09852318773892,0,1,2,2,0,2,3,3,4,10,2,4.0
18.684195260670965,102.99180352222682,0,3,1,1,0,2,2,2,3,10,1,7.0
18.65967020487701,102.91445595535372,0,2,4,1,2,4,4,0,0,10,1,4.0
18.686349006479777,102.9866800151164,0,3,3,2,0,2,4,3,2,10,1,4.0
18.70844831130066,103.06106227978891,0,2,3,2,0,0,2,1,1,10,2,4.0
18.71734421790228,103.12816729154224,0,4,3,1,2,0,2,4,4,10,2,4.0
18.648081001239103,102.93386196313833,0,2,2,1,0,2,2,1,4,10,1,4.0
18.65373960047593,103.11577099061364,0,1,3,2,0,1,3,1,3,10,2,4.0
18.717879310028696,103.12816729154224,0,4,3,1,0,0,2,4,3,10,2,7.0
18.65077875737644,103.12951394006038,0,2,3,2,0,0,2,1,4,10,2,4.0
18.682848612152824,103.100948938712,0,1,3,2,0,1,3,3,4,10,2,4.0
18.68500235796164,102.98048186465212,0,3,3,1,2,3,4,4,0,10,1,7.0
18.721923714684173,103.06402758198948,0,2,2,2,0,4,4,0,2,10,2,4.0
18.662095955850088,102.94221385941144,0,3,3,2,0,2,4,3,2,10,1,4.0
18.558881143765973,103.09339968062854,0,1,3,2,0,1,4,4,3,10,2,4.0
18.70898786252812,103.07804253660046,0,2,3,2,0,1,3,0,4,10,2,4.0
18.58582749143195,103.1370587390428,0,2,2,2,0,3,3,3,0,10,2,4.0
18.587174139950093,102.9918035222268,0,1,2,1,2,4,4,0,2,10,1,4.0
18.712760262019337,103.03734878038672,0,1,0,4,0,4,1,0,4,10,2,4.0
18.650778757376443,102.91338131199986,0,2,3,2,0,0,2,1,1,10,1,4.0
18.742943917050116,103.1171176391318,0,4,1,2,0,3,1,3,3,10,2,7.0
18.649427649757246,102.91256975560812,0,1,1,2,2,1,1,1,1,10,1,4.0
18.685541909189105,103.09232503727463,0,1,2,2,0,2,3,2,4,10,2,4.0
18.68688855770725,102.9799467725257,0,4,4,2,2,2,4,4,0,10,1,7.0
18.550257242328605,103.1109194886675,0,0,3,2,0,1,3,2,3,10,2,4.0
18.65185340073032,103.09690453405652,0,0,1,2,0,1,0,1,3,10,2,4.0
18.67988330995228,102.99234307345428,0,2,1,2,0,3,3,1,2,10,1,4.0
18.728121865148463,103.06214138224388,0,3,3,2,2,1,3,0,1,10,2,4.0
18.69928485863582,103.12762774031478,0,2,1,3,0,4,4,2,4,10,2,4.0
18.549178139873675,103.00554647167353,0,0,0,3,0,4,0,1,0,10,2,4.0
18.72057706616603,103.07265148342684,0,3,0,3,2,3,0,3,2,10,2,4.0
18.67045231122425,102.97105086592408,0,4,3,1,0,0,2,4,0,10,1,7.0
18.586906593886884,103.14218224615324,0,2,3,1,0,1,3,3,0,10,2,4.0
18.554297187883037,103.1297814861236,0,2,1,2,0,3,1,3,1,10,2,4.0
18.70682965761825,103.0694186351631,0,2,3,2,0,0,1,2,4,10,2,4.0
18.627332804037422,102.97159041715156,0,1,1,2,0,2,2,0,3,10,1,4.0
18.706562111555044,103.08424068706476,0,3,3,1,0,0,1,1,1,10,2,4.0
18.704136360581973,103.10040938748452,0,2,1,3,0,1,0,0,4,10,2,4.0
18.705483009100117,103.06968618122627,0,2,3,1,0,0,2,2,4,10,2,4.0
18.64862055246657,102.90879735611692,0,1,2,2,0,1,1,0,2,10,1,4.0
18.65023920614897,102.97724901638836,0,1,3,2,0,2,4,3,4,10,1,4.0
18.691200508425933,103.08073583363674,0,1,3,2,0,1,3,3,4,10,2,4.0
18.65401160564019,103.11819674158674,0,1,2,2,0,2,3,1,1,10,2,4.0
18.612778298198972,103.04974508131528,0,1,2,1,0,0,1,3,3,10,2,4.0
18.652125405894576,102.9799467725257,0,1,2,2,2,2,2,3,2,10,1,4.0
18.727854319085253,103.05836898275268,0,3,2,2,0,2,2,1,2,10,2,4.0
18.715725564219884,103.03977453135978,0,2,4,2,0,0,2,2,3,10,2,4.0
18.68580945525231,102.9918035222268,0,3,3,2,0,1,3,3,1,10,1,7.0
18.601189094561068,103.03061107869496,0,1,3,2,0,1,3,4,2,10,2,4.0
18.674492256778667,102.96997176346912,0,4,2,3,0,0,1,4,0,10,1,7.0
18.65239295195779,102.91661416026362,0,2,2,1,0,0,1,2,1,10,1,4.0
18.70682965761825,103.07615633685484,0,1,4,2,0,4,4,0,4,10,2,4.0
