X,Y,id,Aspect
103.09609743676587,18.6998244098633,1,44.43067169189453
102.68350127539158,18.515489631414894,2,-0.0
102.87268755578611,18.58933234485996,3,256.66925048828125
102.92443096441028,18.59499094409678,4,142.49986267089844
102.97670946516092,18.56103488957478,5,46.529579162597656
102.80638964132348,18.549178139873675,6,185.4773712158203
102.63310451528552,18.449463722116523,7,-0.0
103.1154989854494,18.55133188568249,8,208.7448272705078
103.03357192179443,18.72354236836657,9,217.0236053466797
102.67703111976304,18.47937983108409,10,270.0
103.13787029543454,18.604961494052283,11,200.2691650390625
102.56168755281352,18.520880684588505,12,-0.0
103.08208248215487,18.648892557630838,13,168.080810546875
102.67999642196357,18.462399574272567,14,295.3733825683594
102.8540886452922,18.58205509194073,15,244.6421356201172
102.87969280354108,18.68149750453363,16,231.0616912841797
102.90017345467956,18.520880684588505,17,345.22979736328125
102.95568926279496,18.526271737762126,18,356.3427124023437
102.87672750134053,18.632719398109984,19,180.0
102.69589757632016,18.499320930995097,20,256.1046142578125
102.68996697191906,18.55375763665556,21,-0.0
102.87484130159494,18.57424274689509,22,204.32876586914065
102.99557592171804,18.57585694147644,23,174.39517211914062
103.09798363651146,18.68338370427924,24,248.15997314453125
103.03707677522245,18.70898786252812,25,220.8213348388672
102.62636681359376,18.53624228771763,26,-0.0
102.6452332701509,18.52384598678905,27,-0.0
102.95380306304936,18.60010999210613,28,20.4249324798584
102.619629111902,18.534356087972025,29,-0.0
103.05109172983344,18.552950539364893,30,270.0
102.79507244284984,18.55537629033797,31,59.089054107666016
102.60642571368275,18.491776132012667,32,-0.0
102.84735540270148,18.611431649680835,33,9.974247932434082
103.11118703473072,18.72030506100177,34,356.6429443359375
103.08208248215487,18.574777839021507,35,152.9105682373047
102.6215153116476,18.522766884334118,36,-0.0
102.6298716670218,18.538396033526443,37,-0.0
103.1152314393862,18.549717691101144,38,190.30728149414065
102.59214321300855,18.47398877791047,39,9.451556205749512
102.7538391354086,18.52114823065171,40,-0.0
102.65385717158829,18.544059091864323,41,-0.0
102.90475741056252,18.63164475475611,42,307.164794921875
103.12250869230542,18.72273081197485,43,285.1413269042969
103.07022573245376,18.673685159487995,44,93.18961334228516
102.94598625890264,18.57424274689509,45,301.7244873046875
102.80989449475148,18.51980158213357,46,185.7355194091797
102.83441955054543,18.64700189878417,47,87.4166030883789
102.58917791080805,18.537860941400037,48,-0.0
102.99961586727244,18.546752388900604,49,-0.0
103.12466243811424,18.532197883062157,50,240.3650360107422
102.8751133067592,18.59418384680611,51,188.8838653564453
102.69751623000252,18.43329502169673,52,270.0
103.0758843316906,18.67233851096985,53,78.11138916015625
102.62825301333936,18.48854328374892,54,-0.0
102.91391640412628,18.60010999210613,55,296.6456298828125
102.84439010050096,18.57666403876712,56,166.51699829101562
102.6832292702273,18.424938666322564,57,317.903564453125
102.8298355946625,18.671798959742382,58,196.78265380859372
102.57920736085252,18.51306388044182,59,-0.0
102.72473458283278,18.42979016826872,60,1.886607527732849
102.9031387568801,18.660209756104475,61,171.42532348632812
102.67271916904434,18.455122321353343,62,276.7620849609375
102.90987645857184,18.661288858559413,63,139.18666076660156
102.99395726803564,18.604961494052283,64,76.6704330444336
102.65493627404318,18.537321390172565,65,-0.0
102.93952056237517,18.667754555086912,66,180.0
102.88804915891524,18.57801514638631,67,180.0
103.13086058857851,18.53974714114564,68,339.5816955566406
102.94032765966584,18.63191230081932,69,307.16473388671875
102.88373720819656,18.68473481189843,70,304.0838317871094
102.71557113016794,18.45566187258081,71,200.97445678710935
102.92631716415592,18.596877143842388,72,190.3977813720703
102.90637160514385,18.580168892195125,73,76.66854858398438
102.78105748823884,18.561034889574785,74,270.0
102.8101620408147,18.67368515948799,75,158.17942810058594
103.03896297496809,18.525999732597867,76,-0.0
102.70128862949376,18.50605863268685,77,337.12939453125
102.8610983521482,18.5206131385253,78,348.8145751953125
102.87376219914,18.587713691177555,79,160.62432861328125
102.816360191279,18.637031348828668,80,133.4576873779297
102.68592702636464,18.5629210893204,81,-0.0
102.93035710971034,18.600921548497865,82,19.377046585083008
103.01282372459276,18.67125940851492,83,191.6379852294922
103.11819674158674,18.531930336998947,84,20.849851608276367
103.09609743676586,18.59202564189624,85,119.62635040283205
102.98614492299,18.59633759261492,86,53.9964485168457
102.91526751174548,18.67826465626988,87,321.63140869140625
102.85490020168392,18.623555945445155,88,173.31256103515625
102.9632340617774,18.579089789740188,89,203.7291259765625
102.8195974986438,18.68176950969789,90,108.83103942871094
102.66975832594484,18.51306388044182,91,-0.0
102.63310451528552,18.473181680619803,92,-0.0
102.8195974986438,18.578282692449516,93,150.81588745117188
102.7861765362482,18.60172864578854,94,120.9040756225586
103.12843483760544,18.718690866420424,95,74.85830688476562
102.82929604343502,18.523306435561587,96,60.36375427246094
103.04785888156968,18.558069587374245,97,325.8580627441406
102.65897621959762,18.49986048222257,98,-0.0
102.744943228807,18.48746418129399,99,72.45665740966797
102.89666860125156,18.57504984418577,100,337.9150390625
103.11280568841312,18.526539283825336,101,356.5180969238281
103.1090332889219,18.648081001239103,102,227.58328247070312
103.10526088943068,18.581515540713266,103,355.2882385253906
102.99692257023617,18.51010303734233,104,21.576717376708984
102.7091009745394,18.54701993496381,105,-0.0
102.91364885806308,18.63217984688252,106,37.00874710083008
102.79965193963172,18.61169919574404,107,224.41580200195312
103.0656417765708,18.557262490083573,108,187.51144409179688
102.8557072989746,18.53031168331655,109,300.9146423339844
103.09259258333783,18.701171058381437,110,259.676513671875
102.6597833168883,18.55537629033797,111,325.6849060058594
102.73901708350697,18.48530597638412,112,27.79825592041016
102.67595647640913,18.485577981548374,113,180.0
102.88481185155042,18.54621283767314,114,174.83396911621094
102.7861765362482,18.526811288989588,115,260.2185974121094
102.97051131469662,18.680422861179743,116,135.74258422851562
103.03141817598562,18.57019834223962,117,295.359375
102.5783958044608,18.537049385008302,118,-0.0
103.10148848993948,18.65589780538579,119,256.19927978515625
102.85247445071086,18.650778757376443,120,222.2657928466797
102.71665023262288,18.448656624825848,121,174.9795684814453
102.85975170363008,18.59472339803357,122,349.1407470703125
102.86163790337568,18.542172892118717,123,324.88629150390625
103.00204161824551,18.682309060925352,124,219.31805419921875
103.01713567531144,18.621134653573133,125,79.55948638916016
102.84034569584549,18.608198801417085,126,207.81524658203125
102.6848479239097,18.56561884545773,127,-0.0
103.03599767276752,18.6087338935435,128,43.352821350097656
102.87861370108614,18.6119712009083,129,69.97318267822266
102.66652101858006,18.520613138525302,130,-0.0
102.79318624310424,18.580168892195125,131,-0.0
102.90718316153556,18.581515540713266,132,279.7783203125
102.63687691477674,18.46293912550004,133,-0.0
102.6651743700619,18.535163185262693,134,-0.0
102.9230798567911,18.583134194395665,135,161.57400512695312
103.13274678832414,18.58690659388688,136,158.8155517578125
102.88589095400538,18.65535825415833,137,240.6876373291016
102.8826581057416,18.59795624629733,138,322.6188659667969
102.66328817031628,18.427903968523108,139,200.9713592529297
103.10256313329334,18.663175058305026,140,253.27972412109372
102.95542171673176,18.57962934096766,141,258.2857971191406
103.10472133820322,18.54055423843631,142,226.5261383056641
103.02279427454827,18.58636704265941,143,163.2252960205078
102.6061537085185,18.496627633958816,144,139.84974670410156
102.86406365434874,18.67125940851492,145,241.5708923339844
102.97374416296036,18.604421942824818,146,187.90408325195312
102.63499071503114,18.447037971143445,147,-0.0
103.0203685235752,18.68580945525231,148,326.3077087402344
102.84843004605536,18.603347299470936,149,313.4633483886719
102.81124114326964,18.60469394798908,150,152.18521118164062
102.94760491258506,18.593376749515432,151,165.56895446777344
103.11442434209552,18.705483009100117,152,102.80699157714844
103.11442434209552,18.651585854667115,153,116.2289810180664
102.6999419809756,18.56723304003908,154,237.7084808349609
103.11415233693128,18.561841986865463,155,203.3420867919922
102.79830529111358,18.55241098813742,156,165.9019317626953
103.0238733770032,18.51441052895996,157,215.10931396484372
102.5872917110624,18.49339032659401,158,-0.0
102.691046074374,18.53381653674456,159,-0.0
102.6856550212004,18.546752388900604,160,-0.0
102.71179873067676,18.447309976307704,161,259.2573547363281
102.96080831080432,18.54863858864621,162,107.53746032714844
102.76920073853772,18.545673286445663,163,-0.0
102.8201325907702,18.635684700310527,164,81.70584869384766
102.7446756827438,18.443805122879688,165,220.66046142578125
102.9818329722713,18.5206131385253,166,64.63416290283203
102.6352627201954,18.517108285097294,167,-0.0
103.11631054184112,18.558881143765973,168,250.26702880859372
102.59591561249978,18.47587497765608,169,-0.0
103.03195772721308,18.665868355341303,170,216.15725708007807
102.87026180481304,18.596877143842388,171,292.1066589355469
103.08585488164609,18.523306435561587,172,353.9796447753906
103.0279133225576,18.641615304711607,173,270.0
102.9683575688878,18.599302894815462,174,17.240434646606445
102.6428075191778,18.54001468720885,175,-0.0
102.78887429238554,18.61439695188137,176,157.5640411376953
102.93547615771968,18.673145608260526,177,226.54840087890625
102.81528554792511,18.552143442074215,178,219.0557556152344
102.69563003025696,18.469676827191787,179,165.23399353027344
102.9621594184235,18.592837198287967,180,202.8810272216797
102.92254030556364,18.61008500116269,181,-0.0
102.65816912230692,18.482880225411044,182,-0.0
102.88211855451416,18.65832355635887,183,106.25250244140624
102.6228664192668,18.455122321353343,184,-0.0
102.89128200717896,18.561034889574785,185,237.70755004882807
102.98317962078946,18.521959787043443,186,216.99093627929688
102.97886767007076,18.682309060925352,187,56.61521530151367
102.89909435222462,18.66910120360505,188,126.66294860839844
103.0516312810609,18.55133188568249,189,-0.0
102.63553026625858,18.55160389084675,190,-0.0
103.01174462213784,18.65697690784073,191,266.61114501953125
102.92038655975482,18.522499338270904,192,338.550048828125
102.76596789027398,18.52977213208908,193,-0.0
102.61316341537452,18.50012802828577,194,237.69830322265625
102.83414754538116,18.628679452555566,195,180.0
103.0580969775884,18.649160103694044,196,313.45562744140625
102.64765902112396,18.478300728629154,197,-0.0
102.97132287108832,18.58933234485996,198,-0.0
103.09986983625708,18.70844831130066,199,204.1280212402344
102.80261724183228,18.59472339803357,200,80.50469970703125
102.7942608864581,18.643769050520422,201,154.37208557128906
103.07103282974444,18.59633759261492,202,53.32529830932617
103.13193969103348,18.592837198287963,203,305.7171325683594
102.8522024455466,18.594451392869317,204,86.38448333740234
102.80234969576904,18.54701993496381,205,127.17849731445312
102.92604515899166,18.531930336998947,206,337.12628173828125
102.86190544943888,18.55160389084675,207,16.979541778564453
102.8492416024471,18.541361335726982,208,-0.0
102.710987174285,18.443805122879688,209,239.0726318359375
102.92523806170098,18.61520404917205,210,46.538673400878906
102.89262865569714,18.572891639275905,211,241.0594787597656
102.84816249999216,18.55052478839182,212,55.19176864624024
103.07345858071751,18.57504984418577,213,252.465087890625
102.71772487597676,18.420091623477475,214,40.13763432460802
102.63795601723166,18.47183057300061,215,-0.0
102.80099858814988,18.514410528959964,216,90.0
102.87942525747788,18.6381104512836,217,285.8686828613281
103.10337468968508,18.648620552466568,218,144.16603088378906
102.58675215983496,18.504711984168715,219,-0.0
103.08855263778342,18.73405246954954,220,234.3428649902344
103.07022573245376,18.598763343587997,221,41.323612213134766
103.0661813277983,18.550257242328605,222,226.5277557373047
102.68969942585586,18.54648038373634,223,-0.0
102.8575934987202,18.641343299547348,224,154.0296173095703
102.88400475425976,18.589332344859955,225,230.32940673828125
103.05675032907024,18.52411353285226,226,346.9652709960937
103.12089003862302,18.707369208845726,227,280.3231201171875
102.87807414985868,18.637570900056136,228,24.783376693725582
103.02117562086586,18.706562111555044,229,75.1466064453125
103.07723098020874,18.699556863800087,230,245.62876892089844
102.90799025882625,18.66020975610448,231,111.63323974609376
102.8775345986312,18.670987403350654,232,236.6591796875
102.68996697191906,18.508212378495667,233,39.35860061645508
102.99368972197244,18.67503180800613,234,230.3436279296875
102.63283696922232,18.542707984245126,235,-0.0
102.61908956067454,18.46374622279071,236,-0.0
102.9524564145312,18.67853666143414,237,250.4425048828125
102.62178731681188,18.513335885606075,238,-0.0
103.02360137183894,18.575317390248976,239,81.02236938476562
102.84573674901908,18.561841986865463,240,151.4338836669922
102.7797108397207,18.508751929723136,241,115.3673858642578
102.76866118731029,18.518454933615438,242,354.8348083496094
102.57947490691572,18.51764783632476,243,-0.0
102.92577761292844,18.55806958737425,244,10.85698413848877
102.97482326541528,18.570198342239625,245,93.8735580444336
102.823369898135,18.63029364713691,246,53.60898971557617
102.72634877741412,18.43248792440605,247,230.3036346435547
102.7128733740306,18.537321390172565,248,-0.0
103.04489357936912,18.693898264563263,249,46.55192565917969
102.97428371418783,18.65401160564019,250,133.45481872558594
102.72473458283278,18.472909675455536,251,204.7623443603516
102.66598146735257,18.50848438365993,252,-0.0
102.67730312492728,18.54729194012807,253,-0.0
102.90259920565262,18.609812995998432,254,238.90621948242188
103.0454331305966,18.72327036320231,255,356.2243957519531
103.09447878308346,18.73189426463968,256,152.84756469726562
102.65951577082508,18.493929877821483,257,-0.0
102.6352627201954,18.546752388900604,258,-0.0
102.87834615502295,18.592837198287963,259,32.33543395996094
102.8694502484213,18.60765925018962,260,25.124645233154297
103.0990627389664,18.637031348828664,261,40.99402618408203
102.7072147747938,18.43060172466045,262,110.78089141845705
102.76327013413668,18.501479135904965,263,6.682697296142578
102.68161507564596,18.445691322625308,264,332.20721435546875
102.82687029246196,18.646194801493497,265,200.995849609375
102.81339488907844,18.523573981624796,266,331.810302734375
103.04920553008785,18.730815162184737,267,168.5214385986328
102.66356017548055,18.510910134633004,268,-0.0
102.6894274206916,18.425478217550037,269,226.50694274902344
102.80423589551468,18.564807289066003,270,201.5829925537109
103.02306182061146,18.72569611417539,271,207.8316345214844
102.8263307412345,18.58582749143195,272,241.06134033203125
102.72716033380588,18.54863858864621,273,-0.0
103.00527892561034,18.58744614511435,274,34.59906005859375
102.93494106559326,18.59148609066877,275,259.2662048339844
103.05163128106088,18.53139078577148,276,13.679203987121582
102.84546474385482,18.533548990681343,277,341.5091857910156
102.95784746770482,18.587446145114345,278,46.53400421142578
102.7349726788515,18.541361335726982,279,180.0
102.5816331118256,18.51926203090611,280,194.77008056640625
102.88049990083177,18.56372818661107,281,54.58802795410156
102.87268755578611,18.57693604393138,282,235.89930725097656
102.98991732248122,18.677457558979206,283,82.95592498779297
102.95568926279496,18.60631260167148,284,112.84152221679688
102.95029820962134,18.54001468720885,285,256.66552734375
102.61343096143771,18.554029641819824,286,-0.0
102.82902849737184,18.559148689829183,287,117.0424346923828
102.7942608864581,18.570198342239625,288,289.85552978515625
102.71583867623114,18.435181221442328,289,6.680135250091553
102.97509527057954,18.64565525026603,290,164.4781494140625
102.9524564145312,18.62598169641823,291,11.91761875152588
102.67784267615475,18.43032971949618,292,197.5479736328125
102.89559395789766,18.604961494052283,293,355.8380126953125
103.13544454446148,18.602268197016,294,155.0382080078125
103.07804253660046,18.61951599989073,295,311.4921875
103.1287068427697,18.67503180800613,296,345.21697998046875
102.60696526491024,18.46590442770058,297,-0.0
102.8610983521482,18.55456919304729,298,124.8076171875
102.71368493042236,18.50848438365993,299,309.6839294433594
102.64226796795036,18.4634786767275,300,-0.0
103.1287068427697,18.66991275999678,301,204.3408966064453
102.7797108397207,18.566153937584144,302,313.4695739746094
102.91203020438068,18.544059091864323,303,133.4733123779297
102.88481185155042,18.51980158213357,304,350.47564697265625
102.95838701893229,18.656704902676477,305,199.3829345703125
102.95919411622296,18.60010999210613,306,111.75496673583984
102.9980016726911,18.6381104512836,307,42.13196563720703
102.70290282407512,18.53381653674456,308,313.4749755859375
103.0023136234098,18.543787086700064,309,165.2279052734375
103.05890853398012,18.56211399202973,310,180.0
103.07804253660046,18.5286974887352,311,289.7810363769531
102.93035710971034,18.67071985728745,312,235.91395568847656
103.1195433901049,18.65832355635887,313,66.29570770263672
102.91553505780868,18.68634900647978,314,240.0951690673828
102.69509047902946,18.48423133303024,315,280.2400207519531
102.82740984368942,18.61789734620833,316,33.40538024902344
102.65115941545092,18.546480383736338,317,-0.0
102.8001914908592,18.598763343587997,318,100.73336029052734
102.81312734301524,18.667215003859443,319,113.61774444580078
102.88589095400538,18.6575164590682,320,160.61697387695312
102.8592121524026,18.547559486191275,321,201.5810089111328
102.62852501850362,18.551064339619284,322,-0.0
102.8430434519828,18.570737893467083,323,67.89024353027344
102.75787908096304,18.5467523889006,324,-0.0
102.98721956634388,18.51468253412422,325,125.41971588134766
102.83280089686303,18.682848612152824,326,28.694589614868164
102.9015201031977,18.56372818661107,327,356.2279357910156
103.03815587767738,18.64673435272097,328,50.33892059326172
103.0680675275439,18.677725105042416,329,352.16046142578125
102.839806144618,18.57855023851273,330,334.380615234375
102.87052935087624,18.623020853318742,331,313.46002197265625
102.9149955065812,18.617357794980865,332,9.221020698547363
103.0858548816461,18.667215003859443,333,193.6897125244141
102.96916466617849,18.60765925018962,334,304.5767517089844
102.6848479239097,18.520880684588505,335,-0.0
102.80612209526028,18.526811288989588,336,285.15802001953125
102.89963390345208,18.58502039414127,337,-0.0
103.12654863785984,18.633530954501712,338,210.81544494628903
102.83495464267185,18.64080374831988,339,41.33066940307617
102.85894014723831,18.535163185262693,340,356.9040222167969
102.70155617555696,18.454854775290134,341,273.0166015625
102.8953219527334,18.542707984245126,342,147.01315307617188
102.92389141318284,18.62625370158249,343,356.6448059082031
102.8220187905158,18.64835300640336,344,133.4557647705078
103.01174462213784,18.629758555010497,345,35.12754440307617
102.66760012103498,18.512796334378606,346,-0.0
102.97805611367905,18.67071985728745,347,71.3068618774414
102.62448061384816,18.50497953023192,348,-0.0
102.7427894829982,18.43760697241541,349,214.78977966308597
103.01174462213784,18.659402658813804,350,240.868408203125
102.69859087335644,18.489078375875334,351,323.01434326171875
103.0006949697274,18.6003819972704,352,220.1673889160156
102.78914183844876,18.539747141145643,353,211.0776824951172
102.90502495662572,18.651585854667115,354,219.66781616210935
102.59591561249978,18.495008980276417,355,-0.0
103.1154989854494,18.649967200984715,356,198.73912048339844
103.0454331305966,18.663175058305026,357,98.97306823730467
102.60642571368275,18.544594183990736,358,-0.0
103.05944362610654,18.54594529160993,359,-0.0
102.710987174285,18.482880225411044,360,276.3666381835937
102.78321569314872,18.55995578711985,361,180.0
103.01497747040158,18.69767066405448,362,37.39736175537109
102.98991732248122,18.545673286445663,363,146.60577392578125
103.04246782839608,18.714646461764943,364,181.20970153808597
102.9443720643213,18.56965879101216,365,209.5981292724609
102.95542171673176,18.592837198287963,366,216.14552307128903
102.67353072543604,18.552143442074215,367,-0.0
102.97913521613395,18.602268197016,368,207.8144378662109
102.762463036846,18.530583688480807,369,-0.0
103.04166073110538,18.51764783632476,370,171.43240356445312
102.99530391655377,18.53650983378084,371,-0.0
102.92604515899166,18.631372749591847,372,295.3514099121094
102.81447399153338,18.53812848746324,373,46.52571487426758
102.79938439356852,18.60819880141709,374,165.8975067138672
102.87484130159494,18.51710828509729,375,244.6336975097656
102.95811501376804,18.634338051792387,376,234.32688903808597
103.08046828757352,18.523845986789052,377,354.5234375
103.06456713321695,18.691472513590192,378,87.288330078125
102.90017345467956,18.57882224367698,379,353.6632385253906
102.9899173224812,18.52384598678905,380,-0.0
103.063488030762,18.68069040724296,381,46.5496711730957
102.99395726803564,18.60765925018962,382,205.6231689453125
102.8969406064158,18.52114823065171,383,15.511059761047363
102.71583867623114,18.5467523889006,384,-0.0
102.67568447124486,18.426824866068173,385,180.0
103.04004207742298,18.543787086700064,386,103.33419799804688
102.93871346508448,18.596337592614923,387,112.84272003173828
102.8861585000686,18.661288858559416,388,206.49285888671875
103.09232503727463,18.63217984688252,389,163.76864624023438
103.03519057547685,18.727854319085253,390,172.70645141601562
103.13651918781534,18.55753003614678,391,202.8767852783203
103.07804253660046,18.7197655097743,392,136.1730499267578
102.97105086592408,18.57639649270391,393,149.50967407226562
102.98506582053508,18.684195260670965,394,148.0955352783203
102.93224330945594,18.554569193047293,395,136.65626525878906
103.12277623836862,18.649427649757246,396,171.17759704589844
103.03061107869496,18.60146109972533,397,165.56829833984375
102.96970421740596,18.674224710715457,398,208.9941253662109
103.03276482450376,18.56885169372148,399,133.4691162109375
103.01497747040158,18.54540574038246,400,122.29484558105467
103.08424068706476,18.56211399202973,401,177.7626190185547
102.97105086592408,18.670719857287448,402,110.75418853759766
102.94545116677624,18.645655250266028,403,171.8103790283203
103.12546953540492,18.55025724232861,404,213.2129821777344
103.1252019893417,18.64996720098472,405,189.0853729248047
102.90771825366198,18.661828409786875,406,188.33995056152344
103.10957284014935,18.65050675221218,407,180.0
103.127895286378,18.71680466667481,408,156.03184509277344
103.00527892561034,18.548906134709416,409,133.47247314453125
103.06860707877138,18.714646461764943,410,143.75070190429688
102.97724901638836,18.65239295195779,411,129.82064819335938
103.10310268452082,18.649160103694044,412,144.26113891601562
103.14730129416256,18.59526294926104,413,19.37646102905273
103.11792473642248,18.71707221273802,414,170.77365112304688
103.11469188815872,18.710066964983056,415,159.46218872070312
103.0920530321104,18.694705361853934,416,218.3712921142578
103.02979952230322,18.717879310028696,417,159.3391876220703
103.06833953270817,18.702522166000627,418,139.6200408935547
102.96997176346912,18.6739527055512,419,219.7489776611328
103.09636498282906,18.632719398109984,420,144.43939208984375
103.0403096234862,18.712760262019337,421,168.52264404296875
103.11172658595818,18.706022560327582,422,174.3473663330078
103.10364223574828,18.68608146041657,423,166.4343719482422
103.11819674158674,18.696591561599543,424,175.35728454589844
103.08801308655596,18.721656168620964,425,90.0
103.08450823312796,18.702789712063836,426,174.97210693359375
103.07992873634608,18.7213841634567,427,191.1983184814453
103.04435402814168,18.715993110283087,428,187.70887756347656
102.92038655975482,18.65724445390394,429,176.56809997558594
103.05163128106088,18.711681159564403,430,171.42276000976562
102.93817391385704,18.535163185262697,431,340.6298828125
103.0694186351631,18.71249271595613,432,124.78264617919922
102.98749157150814,18.683923255506706,433,133.44976806640625
102.97185796321476,18.57936179490445,434,122.74935150146484
103.03734878038672,18.711141608336938,435,142.9784393310547
103.09339968062854,18.559416235892385,436,159.51449584960938
103.1012164847752,18.61089209845337,437,165.2223358154297
103.08424068706476,18.70682965761825,438,111.1008529663086
102.93547615771968,18.552143442074215,439,119.37493133544922
103.12035048739556,18.552682993301683,440,146.9155731201172
103.0920530321104,18.631372749591847,441,168.80746459960938
102.91364885806308,18.65293250318526,442,120.39295196533205
102.97616991393345,18.687160562871505,443,182.6279144287109
103.06968618122627,18.711141608336938,444,110.22052001953124
102.81070159204216,18.677725105042416,445,210.25735473632807
103.13625164175214,18.714918466929205,446,170.91119384765625
102.97536281664276,18.615204049172053,447,133.46131896972656
103.02064052873943,18.665868355341303,448,123.5515594482422
103.10040938748452,18.63487760301985,449,167.00083923339844
103.12816729154224,18.71707221273802,450,98.76493072509766
102.91445595535372,18.65993775094022,451,129.17288208007812
103.040042077423,18.712220710791875,452,176.54742431640625
102.97347661689714,18.658051551194607,453,187.078369140625
103.10552843549392,18.65023920614897,454,149.93858337402344
103.00931887116477,18.684195260670965,455,171.42413330078125
103.06968618122627,18.707641214009985,456,139.1789093017578
102.97132287108832,18.57693604393138,457,147.833251953125
103.11469188815872,18.710606516210525,458,172.48184204101562
102.99153151706255,18.684462806734167,459,152.94244384765625
103.11792473642248,18.65185340073032,460,171.62228393554688
103.02252672848506,18.60146109972533,461,183.1785125732422
102.9330504067466,18.645115699038566,462,86.38555145263672
102.91122310709,18.65050675221218,463,192.92230224609372
103.01470992433838,18.54540574038246,464,144.8858184814453
103.0303390735307,18.60469394798908,465,155.66737365722656
103.08801308655596,18.558881143765973,466,162.842529296875
103.11819674158674,18.69685910766275,467,151.15371704101562
103.11495943422192,18.56130689473905,468,152.19122314453125
103.1074146352395,18.683383704279237,469,169.44747924804688
103.06887908393564,18.71356735931001,470,133.4447479248047
103.01282372459276,18.59499094409678,471,180.0
103.12682064302412,18.692547156944077,472,140.92112731933594
103.10768664040376,18.68580945525231,473,213.610595703125
103.0616018310164,18.70898786252812,474,152.72357177734375
103.1370587390428,18.5548367391105,475,170.88079833984375
103.12466243811424,18.64808100123911,476,164.81617736816406
103.03950252619552,18.5925651931237,477,152.82972717285156
102.96943221224168,18.674492256778667,478,210.77175903320312
103.14271733827964,18.550792334455025,479,148.27005004882812
102.98371917201692,18.68608146041657,480,174.70947265625
103.11577099061364,18.712220710791872,481,193.69320678710935
103.13759829027028,18.586906593886884,482,175.36026000976562
102.94868401504,18.66694745779624,483,171.24908447265625
102.8136668942427,18.67853666143414,484,234.2965850830078
103.0672604302532,18.699824409863293,485,164.3865509033203
102.81016204081467,18.676110910461063,486,230.67141723632807
103.03330437573123,18.600921548497865,487,114.17723846435548
103.06968618122627,18.704136360581973,488,166.3074188232422
103.08828063261916,18.700903512318227,489,118.04881286621094
103.08882018384664,18.70710166278252,490,135.56809997558594
102.98883822002628,18.575589395413235,491,173.05975341796875
103.14218224615324,18.586639047823677,492,141.327392578125
102.97913521613398,18.634338051792387,493,146.24237060546875
102.96161986719603,18.676378456524272,494,170.41357421875
103.02979952230324,18.718690866420424,495,160.61050415039062
102.97132287108832,18.66991275999678,496,105.8658447265625
102.97051131469662,18.672066505805592,497,81.38079833984375
103.0850477843554,18.697131112827016,498,168.5712127685547
102.6492732157053,18.432215919241795,499,187.5060272216797
103.0920530321104,18.63164475475611,500,177.37294006347656
103.100948938712,18.68688855770725,501,164.9391632080078
103.08612688681036,18.72677521663032,502,156.82582092285156
103.1394844900159,18.58744614511435,503,141.36578369140625
103.06132982585214,18.70818076523745,504,163.76177978515625
103.08882018384664,18.56103488957479,505,145.76231384277344
102.93224330945594,18.55537629033797,506,73.64653778076172
103.09151348088292,18.68688855770725,507,160.61386108398438
103.04435402814168,18.71518601299241,508,182.325439453125
103.02683867920372,18.67826465626988,509,204.09835815429688
103.0597156312708,18.70548300910012,510,160.2051544189453
103.06779998148068,18.704136360581973,511,182.9481506347656
103.1154989854494,18.711953164728666,512,211.6284027099609
103.10633553278456,18.730815162184737,513,154.58450317382812
103.10768664040376,18.649699654921505,514,173.97518920898438
103.11118703473072,18.59418384680611,515,180.0
103.1071470891763,18.554569193047296,516,199.3721618652344
102.9783281188433,18.65589780538579,517,174.5192108154297
102.93601570894717,18.554569193047293,518,121.64193725585938
103.14271733827964,18.551603890846756,519,174.5225372314453
103.00554647167353,18.578282692449516,520,170.47244262695312
102.81663219644324,18.676378456524272,521,171.2486114501953
103.1195433901049,18.693898264563263,522,140.1907196044922
103.11118703473072,18.732433815867147,523,153.76730346679688
103.1074146352395,18.684195260670965,524,170.41314697265625
103.0977116313472,18.718690866420424,525,166.30628967285156
103.06456713321695,18.724617011720447,526,205.6385803222656
102.91661416026362,18.65185340073032,527,124.0889663696289
102.9540750682136,18.6755713592336,528,171.1119384765625
102.9702437686334,18.673685159487995,529,193.94825744628903
102.9802143185889,18.574777839021507,530,166.56617736816406
103.11657808790432,18.714378915701744,531,201.910888671875
103.08693398410102,18.56265354325719,532,156.84585571289062
102.91661416026362,18.65212540589458,533,124.0889663696289
103.0796567311818,18.689586313844572,534,162.96054077148438
102.97159041715156,18.627060798873163,535,190.54910278320312
103.0651066844444,18.700903512318227,536,178.0494842529297
103.06968618122627,18.706562111555048,537,116.53840637207033
103.06025518249828,18.701982614773165,538,105.37588500976562
103.0877410813917,18.69120050842593,539,94.5134735107422
102.98344716685268,18.68608146041657,540,196.34298706054688
103.06779998148068,18.701171058381437,541,137.64222717285156
103.07804253660046,18.626793252809957,542,122.86666107177734
102.91391640412628,18.661016853395157,543,2.7467596530914307
103.11118703473072,18.593376749515432,544,182.0142059326172
103.06025518249828,18.59607004655172,545,171.4285125732422
103.05863652881584,18.668833657541843,546,186.0254821777344
103.00716512535594,18.625174599127558,547,160.6204071044922
102.97724901638836,18.65077875737644,548,134.5782012939453
102.93143621216524,18.65535825415833,549,130.73919677734375
102.97105086592408,18.67125940851492,550,103.12672424316406
102.96970421740596,18.674492256778667,551,210.3886260986328
102.97159041715156,18.68473481189843,552,287.5242919921875
103.06860707877138,18.713839364474275,553,157.80796813964844
103.10795418646698,18.651313849502856,554,206.78330993652344
103.09529033947518,18.68769565499792,555,135.65306091308594
103.06294847953455,18.731087167349006,556,206.9492034912109
103.06914662999884,18.706562111555044,557,205.97903442382807
103.0597156312708,18.70359680935451,558,167.46890258789062
103.13167214497028,18.585559945368736,559,148.91551208496094
103.11846428764994,18.68580945525231,560,160.6139678955078
103.0651066844444,18.707908760073188,561,180.0
103.08424068706476,18.70548300910011,562,113.08517456054688
103.10013738232028,18.560767343511586,563,182.8088836669922
103.12089003862302,18.69093296236272,564,167.14227294921875
103.10229558723016,18.6346055978556,565,172.8392333984375
103.10364223574828,18.685541909189105,566,143.7554168701172
103.10013738232028,18.693626259399004,567,171.42367553710938
102.94922356626743,18.5906789933781,568,180.0
103.03141817598562,18.668833657541843,569,188.5751037597656
102.85516774774712,18.681769509697894,570,210.4716033935547
103.06914662999884,18.712760262019337,571,153.88597106933594
103.083429130673,18.7017106096089,572,200.81016540527344
103.1351725392972,18.554029641819824,573,180.0
103.11118703473072,18.61816935137259,574,183.93682861328125
103.10472133820322,18.59472339803357,575,165.53811645507812
102.93197576339271,18.5564553927929,576,116.9813995361328
103.1351725392972,18.60307529430668,577,199.3772735595703
103.06968618122627,18.707908760073188,578,124.78339385986328
102.98371917201692,18.686349006479777,579,169.6457977294922
103.00392781799113,18.682848612152824,580,180.0
102.98910576608948,18.589871896087423,581,132.46292114257812
102.90933690734438,18.655090708095123,582,186.7955474853516
103.12843483760544,18.55133188568249,583,212.3291473388672
103.08828063261916,18.69443335668968,584,186.4533233642578
103.10687508401205,18.682037055761096,585,157.3473663330078
103.09636498282906,18.70629456549184,586,147.2280731201172
103.13113259374278,18.65104630343965,587,226.54470825195312
103.10229558723016,18.703868814518767,588,173.05455017089844
103.1216971359137,18.651585854667115,589,177.985107421875
103.10013738232028,18.63379850056492,590,203.7359161376953
103.07237947826258,18.7114136135012,591,171.6576385498047
102.98075386981638,18.68473481189843,592,144.86370849609375
103.02899242501256,18.717879310028696,593,163.58218383789062
103.08612688681036,18.727042762693525,594,162.00140380859375
102.9330504067466,18.645387704202825,595,90.0
103.07291902949004,18.719497963711092,596,298.7369079589844
103.0481264276329,18.592837198287963,597,145.234619140625
102.9963830190087,18.581787545877525,598,169.2998504638672
103.11064748350326,18.684734811898437,599,106.25010681152344
103.10472133820322,18.714646461764943,600,137.8551483154297
103.12493444327848,18.649427649757243,601,175.97523498535156
103.03977453135978,18.715993110283087,602,163.2132110595703
103.13167214497028,18.58502039414127,603,157.75108337402344
103.10310268452082,18.682037055761096,604,185.48162841796875
103.0580969775884,18.72650321146606,605,159.18704223632812
103.09555788553838,18.6087338935435,606,163.01510620117188
103.07507723439991,18.70925540859133,607,176.06106567382812
102.99153151706255,18.58636704265941,608,144.1162567138672
102.99261061951748,18.666407906568764,609,175.52931213378906
103.13651918781534,18.552143442074215,610,184.02247619628903
103.097444085284,18.56238153809293,611,147.44265747070312
103.11981093616808,18.55375763665556,612,170.2285919189453
102.98937777125374,18.59013944215063,613,136.94009399414062
102.98075386981638,18.6852743631259,614,152.1739959716797
103.0866664380378,18.723002817139104,615,168.07574462890625
103.08100337969996,18.690660957198464,616,175.4730224609375
102.97428371418783,18.65805155119461,617,183.6236114501953
102.9149955065812,18.660209756104475,618,102.10719299316406
103.09313213456532,18.59472339803357,619,167.8703155517578
102.99126397099936,18.58636704265941,620,177.98587036132812
103.06887908393564,18.7132998132468,621,134.99293518066406
103.0680675275439,18.73135471341221,622,163.21176147460938
102.93224330945594,18.5548367391105,623,127.5481948852539
103.04812642763288,18.593376749515432,624,155.43026733398438
103.10795418646698,18.65050675221218,625,182.6273498535156
103.10202358206588,18.70629456549184,626,182.5188446044922
102.98721956634388,18.576936043931376,627,140.75978088378906
103.07804253660046,18.71923041764789,628,156.39927673339844
103.01039797361967,18.595798041387454,629,189.5285186767578
103.10013738232028,18.70305725812704,630,194.47073364257807
102.9810214158796,18.685541909189105,631,168.63087463378906
103.11199859112244,18.69281916210833,632,161.56289672851562
103.0580969775884,18.727582313921,633,180.0
103.04839843279714,18.59472339803357,634,140.12899780273438
102.91014400463506,18.6478134551759,635,184.4701995849609
103.06914662999884,18.71249271595613,636,152.17018127441406
103.10148848993948,18.689046762617117,637,166.797607421875
103.07345858071751,18.69605201037208,638,6.0264410972595215
103.13005349128784,18.555104285173705,639,158.41812133789062
103.11657808790434,18.599842446042928,640,191.9158477783203
103.06132982585214,18.70844831130066,641,167.0280303955078
103.12466243811424,18.66209595585009,642,150.0699005126953
103.08424068706476,18.70629456549184,643,66.26203155517578
102.97967476736144,18.687160562871505,644,188.6777801513672
103.08693398410102,18.561034889574785,645,137.88092041015625
103.13005349128784,18.55618338762864,646,150.40383911132812
102.92361940801858,18.654551156867655,647,159.56906127929688
103.11846428764994,18.69605201037208,648,174.25856018066406
103.1074146352395,18.683923255506706,649,171.4241485595703
103.12682064302412,18.69308670817154,650,125.7504425048828
103.1152314393862,18.7114136135012,651,180.0
103.11118703473072,18.593104744351173,652,177.84205627441406
103.13975649518014,18.6364917976012,653,212.8191070556641
103.10795418646698,18.650778757376443,654,185.4806365966797
103.08208248215487,18.718690866420424,655,196.78704833984372
102.90583205391638,18.65401160564019,656,137.0380096435547
103.0616018310164,18.70872031646492,657,154.36351013183594
102.91364885806308,18.65805155119461,658,23.268035888671875
102.9292780072554,18.554569193047293,659,99.8776626586914
103.00123452095488,18.677725105042416,660,167.4707489013672
103.10876128375764,18.623555945445155,661,10.67160987854004
103.12277623836864,18.71680466667481,662,147.64566040039062
103.08208248215487,18.697938210117684,663,176.10354614257812
103.077502985373,18.634605597855597,664,158.4089813232422
102.97347661689716,18.61493204400779,665,157.91033935546875
103.08046828757352,18.689046762617117,666,188.40704345703125
103.1012164847752,18.683923255506706,667,180.9449615478516
103.12682064302412,18.684195260670965,668,133.44972229003906
103.0632204846988,18.59364429557864,669,197.23989868164065
103.10040938748452,18.634070505729184,670,161.8238525390625
103.1125381423499,18.695784464308872,671,167.25294494628906
103.1394844900159,18.58609949659621,672,173.55075073242188
103.12654863785984,18.69308670817153,673,177.1221160888672
103.06968618122627,18.70844831130066,674,98.97071075439452
103.00392781799113,18.57855023851273,675,182.8759613037109
103.131400139806,18.5842132968506,676,164.48348999023438
102.98156096710704,18.6852743631259,677,164.27786254882812
102.96997176346912,18.674759802841876,678,170.77590942382812
102.97590236787022,18.688507211389645,679,184.57244873046875
102.98102141587958,18.68500235796164,680,140.46653747558594
103.0680675275439,18.711141608336938,681,118.42344665527344
103.127895286378,18.550257242328605,682,168.8126678466797
102.9783281188433,18.65670490267647,683,149.78671264648438
103.14191024098896,18.54998523716435,684,125.6335220336914
103.03411147302192,18.7149184669292,685,148.3711395263672
102.91338131199986,18.651313849502856,686,137.15411376953125
103.059983177334,18.70629456549184,687,138.43186950683594
103.10795418646698,18.650239206148974,688,182.5180206298828
102.94652581013014,18.672873603096264,689,207.8242645263672
103.06106227978891,18.702789712063836,690,165.88995361328125
102.94922356626743,18.623020853318742,691,144.87351989746094
103.04839843279716,18.59445139286932,692,167.2602996826172
102.98964531731696,18.59148609066877,693,181.5109100341797
102.97159041715156,18.577203589994586,694,154.78103637695312
102.89074245595152,18.662095955850088,695,187.5160217285156
103.07884963389112,18.72246326591164,696,151.15005493164062
103.12762774031478,18.549985237164343,697,191.91246032714844
102.92685225628232,18.551064339619284,698,147.01187133789062
103.002581169473,18.580440897359384,699,162.27125549316406
102.98937777125371,18.59041144731489,700,150.48472595214844
103.03896297496809,18.603886850698405,701,167.7438507080078
103.0901668323648,18.60577305044401,702,138.92318725585938
103.08639443287358,18.72030506100177,703,188.99969482421875
103.11415233693128,18.56696549397587,704,61.556190490722656
103.08450823312796,18.705755014264376,705,82.07025146484375
103.11738518519502,18.593104744351177,706,180.0
103.05081972466915,18.592025641896235,707,144.87844848632812
103.0796567311818,18.71761176396549,708,185.24575805664065
102.97159041715156,18.57801514638631,709,171.11695861816406
103.08235448731914,18.71841886125616,710,160.61053466796875
102.8101620408147,18.67583890529681,711,230.0007781982422
102.94410005915708,18.66452170682317,712,128.51358032226562
103.07831008266366,18.578282692449516,713,164.82211303710938
103.07561678562736,18.712220710791872,714,98.6171875
103.07884963389114,18.663982155595694,715,143.84304809570312
103.09313213456532,18.714378915701744,716,147.16888427734375
103.13113259374278,18.7033292632913,717,187.84071350097656
103.12789528637798,18.716265115447342,718,182.5189971923828
103.1187362928142,18.550792334455025,719,171.62718200683594
103.09447878308346,18.70710166278252,720,153.30902099609375
102.90987645857184,18.647273903948427,721,183.1793670654297
103.06860707877138,18.71356735931001,722,159.71890258789062
103.12682064302412,18.69227961088086,723,147.9702911376953
103.11577099061364,18.653472054412724,724,147.88925170898438
103.09852318773892,18.6852743631259,725,181.63424682617188
102.99180352222682,18.684195260670965,726,137.54513549804688
102.91445595535372,18.65967020487701,727,134.056396484375
102.9866800151164,18.686349006479777,728,189.7789001464844
103.06106227978891,18.70844831130066,729,178.79034423828125
103.12816729154224,18.71734421790228,730,115.83069610595705
102.93386196313833,18.648081001239103,731,123.86736297607422
103.11577099061364,18.65373960047593,732,143.76055908203125
103.12816729154224,18.717879310028696,733,139.17718505859375
103.12951394006038,18.65077875737644,734,146.43927001953125
103.100948938712,18.682848612152824,735,175.58319091796875
102.98048186465212,18.68500235796164,736,135.94134521484375
103.06402758198948,18.721923714684173,737,173.76641845703125
102.94221385941144,18.662095955850088,738,178.83717346191406
103.09339968062854,18.558881143765973,739,154.6573486328125
103.07804253660046,18.70898786252812,740,186.54660034179688
103.1370587390428,18.58582749143195,741,182.08351135253903
102.9918035222268,18.587174139950093,742,140.93849182128906
103.03734878038672,18.712760262019337,743,332.1701354980469
102.91338131199986,18.650778757376443,744,168.36337280273438
103.1171176391318,18.742943917050116,745,166.30441284179688
102.91256975560812,18.649427649757246,746,170.0235595703125
103.09232503727463,18.685541909189105,747,184.8921661376953
102.9799467725257,18.68688855770725,748,182.7163543701172
103.1109194886675,18.550257242328605,749,169.5414581298828
103.09690453405652,18.65185340073032,750,162.43064880371094
102.99234307345428,18.67988330995228,751,154.36732482910156
103.06214138224388,18.728121865148463,752,172.66244506835938
103.12762774031478,18.69928485863582,753,201.00184631347656
103.00554647167353,18.549178139873675,754,226.52757263183597
103.07265148342684,18.72057706616603,755,231.7178955078125
102.97105086592408,18.67045231122425,756,123.34091186523438
103.14218224615324,18.586906593886884,757,142.2712860107422
103.1297814861236,18.554297187883037,758,166.80770874023438
103.0694186351631,18.70682965761825,759,148.70584106445312
102.97159041715156,18.627332804037422,760,172.1627655029297
103.08424068706476,18.706562111555044,761,88.49287414550781
103.10040938748452,18.704136360581973,762,203.4957427978516
103.06968618122627,18.705483009100117,763,109.23696899414062
102.90879735611692,18.64862055246657,764,177.8413543701172
102.97724901638836,18.65023920614897,765,170.41502380371094
103.08073583363674,18.691200508425933,766,172.83685302734375
103.11819674158674,18.65401160564019,767,180.0
103.04974508131528,18.612778298198972,768,142.77471923828125
102.9799467725257,18.652125405894576,769,168.94091796875
103.05836898275268,18.727854319085253,770,153.1225128173828
103.03977453135978,18.715725564219884,771,157.50794982910156
102.9918035222268,18.68580945525231,772,183.0213928222656
103.03061107869496,18.601189094561068,773,163.04815673828125
102.96997176346912,18.674492256778667,774,207.82449340820312
102.91661416026362,18.65239295195779,775,113.1657257080078
103.07615633685484,18.70682965761825,776,194.0117950439453
