Latitude,Longitude,Elevation,Slope,Aspect,Curvature,TWI,SPI,DTR,Soil_Type,NDVI,LULC,Rainfall,Flood_Class
18.699825027638227,103.0960968130252,2,3,2,1,0,1,4,4,4,10,2,1
18.5154907313369,102.68350060302912,0,0,3,1,4,0,0,0,0,10,1,1
18.589332247691527,102.87268580186468,0,0,3,1,4,4,2,4,3,10,1,1
18.59499163398148,102.92442876222998,2,1,2,1,1,3,2,4,2,10,1,1
18.56103531624176,102.97671071176572,0,1,0,1,1,1,0,4,3,10,1,1
18.549177554491383,102.80639013389668,0,0,4,1,4,4,0,4,2,10,0,1
18.44946455795412,102.63310511559,0,0,3,1,4,0,0,0,0,80,0,1
18.55133351117327,103.1155004231622,1,2,2,1,1,1,0,4,1,10,1,1
18.72354055113898,103.0335740692505,2,3,3,1,2,4,2,4,0,10,2,1
18.479378456915292,102.67703273298346,0,0,3,1,4,4,0,0,0,0,1,1
18.604962933635207,103.13786847373676,2,2,1,2,1,3,1,4,3,10,1,1
18.520880623041617,102.56168905050252,0,0,0,1,4,0,2,4,0,80,4,1
18.64889055102865,103.08208309459296,0,0,1,1,2,2,3,4,4,10,1,1
18.46240029804544,102.67999717342106,1,2,0,1,2,2,0,4,2,0,1,1
18.58205589389016,102.85409067548342,0,2,4,1,1,0,0,4,2,10,1,1
18.681499395842188,102.87969266108082,4,3,3,1,0,4,4,4,2,10,2,1
18.520880623041617,102.90017424955876,1,2,1,1,1,3,3,4,1,10,0,1
18.526270514746336,102.95569013411732,1,2,0,1,2,4,4,4,1,10,0,1
18.632720875914497,102.87672822064324,0,0,3,1,1,4,1,4,0,10,1,1
18.49932105622275,102.69589735394996,2,3,3,1,0,3,4,4,1,0,1,1
18.553758962440394,102.6899684730748,0,0,3,1,4,0,2,0,0,80,0,1
18.57424055091832,102.87484175854658,1,2,2,1,0,1,4,4,2,10,1,1
18.57585751842973,102.99557533273224,0,2,2,1,2,0,2,4,1,10,1,1
18.68338585793884,103.09798327512188,0,2,2,1,3,2,0,4,4,10,2,1
18.70898784353625,103.03707749885857,1,1,3,1,0,1,1,4,3,10,2,1
18.53624181440006,102.62636775095912,0,0,0,1,4,0,1,0,0,80,4,1
18.52384506347921,102.64523237192564,0,0,1,1,4,0,0,0,0,80,4,1
18.60011203110096,102.95380367202068,2,3,2,1,1,3,2,4,1,30,1,1
18.53435535230341,102.61963038632824,0,0,0,1,4,0,3,0,0,80,4,1
18.55295047868469,103.05109121729085,0,0,2,1,0,1,0,4,3,40,1,1
18.555375929951808,102.79507136131676,0,1,4,1,4,3,3,4,0,10,0,1
18.491775207836145,102.60642515165166,0,0,3,1,4,0,4,7,2,10,4,1
18.611430803680864,102.84735331085253,0,1,4,1,4,4,0,4,1,10,0,1
18.72030661611615,103.11118850979842,3,3,2,1,2,4,0,4,4,10,2,1
18.57477954008879,103.08208309459296,1,2,0,1,2,0,2,4,2,10,1,1
18.52276708513827,102.62151684842487,0,0,3,1,4,0,1,0,0,80,4,1
18.53839777108195,102.6298711805672,0,0,0,1,4,0,0,0,0,80,4,1
18.54971654366185,103.11523092857696,1,2,2,1,2,0,0,4,1,10,0,1
18.47398856521058,102.59214193863416,0,2,0,1,0,1,1,4,0,10,4,1
18.521150117626853,102.75383868977568,0,1,1,1,0,1,0,4,0,80,0,1
18.544057157371903,102.65385619865316,0,0,0,1,4,0,0,0,0,80,1,1
18.63164289757356,102.90475565750776,1,1,4,1,0,3,3,4,2,10,1,1
18.722732067383276,103.12250728237834,4,2,1,1,2,4,1,4,3,10,2,1
18.67368405287035,103.07022533284258,0,1,3,1,3,3,0,4,1,10,2,1
18.57424055091832,102.94598832904884,1,1,1,1,2,0,0,4,3,10,1,1
18.519802644700675,102.80989356350474,1,2,4,1,1,1,3,4,0,30,0,1
18.647004088932,102.8344175707612,1,0,2,1,1,1,1,4,2,10,0,1
18.53785878191148,102.58917749819658,0,0,0,1,4,0,1,0,0,80,4,1
18.54675210322426,102.99961775151078,0,0,4,1,2,0,1,4,0,10,0,1
18.532199395621525,103.12466323906024,2,3,4,1,2,4,2,4,1,10,0,1
18.59418315022577,102.87511125313182,0,0,3,1,1,3,2,4,3,10,1,1
18.433294882839963,102.69751432146138,3,2,2,1,2,1,3,4,2,0,3,1
18.67233657994417,103.07588471913252,0,1,2,1,3,3,3,4,1,10,2,1
18.488541272813315,102.62825421305575,0,1,2,1,4,0,1,4,2,80,4,1
18.60011203110096,102.9139184734058,1,1,2,1,1,3,2,4,2,10,1,1
18.57666600218544,102.84438887041492,0,1,1,0,4,4,0,4,1,10,0,1
18.42494055069765,102.68323110844388,2,1,3,1,2,4,1,4,2,0,3,1
18.671797590773696,102.8298361628122,3,2,3,1,0,1,4,4,4,10,0,1
18.513065280069775,102.57920619854283,0,0,0,1,4,3,3,0,0,80,4,1
18.4297914532319,102.7247332745702,2,3,4,1,2,3,0,4,3,0,3,1
18.660209323608555,102.90313868999634,2,2,3,1,0,4,4,4,2,10,2,1
18.455123944244068,102.67272081961968,0,1,3,1,1,2,1,7,0,80,1,1
18.6612873019495,102.90987605462723,2,3,3,1,1,0,2,4,1,10,2,1
18.604962933635207,102.99395836522083,0,2,3,1,1,3,0,4,2,10,1,1
18.537319792741005,102.65493417699412,0,0,3,1,4,0,0,0,0,80,1,1
18.66775517199516,102.9395204590032,3,1,2,1,3,3,1,4,4,10,2,1
18.578013475111614,102.88804699322314,1,2,4,1,1,0,0,4,3,10,1,1
18.539745244008127,103.13086161452064,0,1,4,1,2,4,1,4,1,10,0,1
18.631912392158792,102.9403289427589,1,2,4,1,1,4,0,4,2,10,1,1
18.68473333086502,102.88373507985936,4,3,3,1,2,0,4,4,2,10,2,1
18.45566293341454,102.7155704586722,2,4,4,1,0,4,1,4,3,0,1,1
18.59687809607813,102.92631522432664,2,1,2,1,1,3,2,4,2,10,1,1
18.580169431793507,102.90637262501916,1,1,0,1,2,1,4,4,3,10,1,1
18.56103531624176,102.7810576428845,0,1,4,1,1,0,4,4,0,10,0,1
18.67368405287035,102.81016305808996,3,4,3,1,0,1,3,4,2,10,0,1
18.5260010201611,103.0389639609552,1,3,4,1,2,4,3,4,1,10,0,1
18.506058420853645,102.70128724565468,0,1,0,1,1,4,4,4,1,10,1,1
18.520611128456384,102.86109753469955,2,2,0,1,1,2,1,4,2,10,0,1
18.58771528018011,102.87376378020564,1,1,1,1,4,4,2,4,0,10,1,1
18.637032789278276,102.8163614335504,1,1,2,1,0,1,2,4,4,40,0,1
18.56292177833841,102.68592605429625,0,0,3,1,4,0,3,0,0,80,0,1
18.600920514856668,102.93035764310515,2,2,3,1,1,3,4,4,1,10,1,1
18.671258601603228,103.01282298618736,3,1,3,1,3,3,1,4,3,10,2,1
18.53192990103629,103.11819536901456,2,4,4,1,2,4,1,4,1,10,0,1
18.592027193543885,103.0960968130252,0,3,2,1,4,3,1,4,4,10,1,1
18.596339106907656,102.986143022249,2,2,4,1,1,3,3,4,2,10,1,1
18.67826546081936,102.91526594633196,3,1,4,1,3,2,1,4,1,10,2,1
18.62355806001648,102.85489915923912,0,2,3,1,3,3,2,4,1,10,1,1
18.579091453452563,102.96323598250396,1,2,1,1,2,0,4,4,0,10,1,1
18.681768890427424,102.81959536857325,3,2,1,1,1,1,4,4,4,10,0,1
18.513065280069775,102.66975637918208,0,0,2,1,4,0,0,0,0,80,1,1
18.47318008145487,102.63310511559,0,0,0,1,4,0,0,0,0,80,4,1
18.57828296969685,102.81959536857325,0,1,3,2,1,3,0,4,3,10,0,1
18.601728998612376,102.786178040004,1,2,2,1,2,3,2,4,2,30,0,1
18.718689648604737,103.12843616325353,4,2,1,1,0,1,4,4,4,10,2,1
18.523306074308746,102.82929717364172,1,1,0,1,0,1,4,4,2,10,0,1
18.55807087580417,103.047857282268,0,0,3,1,1,1,0,4,3,10,1,1
18.49986004539322,102.65897659577266,0,0,0,1,4,0,3,0,0,80,1,1
18.575049034674024,102.89667081995069,1,0,4,1,1,1,3,4,3,10,1,1
18.526540009331573,103.11280547730983,2,4,4,1,2,4,3,4,1,10,0,1
18.64808206727294,103.10903255311652,1,2,2,1,2,2,4,4,1,10,1,1
18.581516904719685,103.10525962892324,1,1,3,1,2,0,3,4,1,10,1,1
18.510100839632184,102.99692280565844,1,1,0,1,3,1,0,4,1,10,0,1
18.547021597809497,102.70910258862654,0,0,3,1,4,0,4,0,0,80,1,1
18.63218188674403,102.91364897882056,1,1,4,1,0,3,2,4,4,10,1,1
18.6117002982661,102.79965276926578,2,3,2,1,0,1,4,4,3,10,0,1
18.557262392048457,103.06564392489356,0,0,3,1,1,1,2,4,0,10,1,1
18.530312933524872,102.85570764299484,1,1,4,1,4,4,1,4,3,10,0,1
18.701172500564407,103.09259338341715,2,0,3,1,0,1,4,4,4,10,2,1
18.555375929951808,102.65978507952836,0,0,0,1,2,0,0,0,0,30,0,1
18.48557683237572,102.67595475464252,0,0,4,1,3,3,0,0,0,80,1,1
18.54621311405379,102.88481305820032,0,3,2,1,1,2,2,4,1,10,0,1
18.526809503916805,102.786178040004,0,1,0,1,0,3,4,4,1,80,0,1
18.680421417501247,102.9705123363053,4,4,2,1,3,2,4,4,4,10,2,1
18.57019813213978,103.03141811256862,0,0,4,1,2,0,2,4,0,40,1,1
18.53705029815577,102.57839771478714,0,0,0,1,4,0,1,0,0,80,4,1
18.655897410244783,103.10148670472994,0,1,3,2,1,0,1,4,0,40,2,1
18.6507770131253,102.852473707972,1,2,2,1,0,2,3,4,1,10,2,1
18.448656074198407,102.71664843701312,2,0,3,1,4,4,0,4,3,0,3,1
18.594722139396243,102.85975006177335,0,1,4,2,1,0,3,4,0,10,1,1
18.54217069527525,102.86163652387002,0,2,1,1,4,1,1,0,1,30,0,1
18.682307879597897,103.0020432027779,3,3,3,1,3,2,4,4,3,10,2,1
18.62113260874936,103.01713489955112,0,2,3,1,1,4,3,4,0,10,1,1
18.608196868658037,102.8403464516364,0,0,1,1,0,3,0,4,0,10,0,1
18.56561672419077,102.6848480759553,0,0,0,1,4,0,0,0,0,80,0,1
18.608735857828503,103.03599952051762,1,2,3,1,1,3,4,4,2,10,1,1
18.611969792851337,102.87861468273988,0,3,3,1,1,0,3,4,0,10,1,1
18.520611128456384,102.66652244415928,0,0,2,1,4,0,3,0,0,80,1,1
18.580169431793507,102.79318489922012,0,1,2,1,0,1,2,4,1,10,0,1
18.581516904719685,102.90718110877488,1,1,0,1,2,1,4,4,3,10,1,1
18.46293928721591,102.63687803978333,0,0,4,1,4,0,0,0,0,80,4,1
18.53516383605912,102.66517497123309,0,0,0,1,4,0,0,0,0,80,1,1
18.5831338722311,102.9230812893038,1,1,2,1,4,3,1,4,0,10,1,1
18.586906796424405,103.13274807661728,1,2,3,1,4,3,2,4,1,10,1,1
18.65535842107431,102.88589103654124,1,0,2,1,0,2,0,4,0,10,2,1
18.597956074419077,102.88265710151842,1,2,3,1,1,1,3,4,0,10,1,1
18.427904991135247,102.66328850913644,1,2,3,1,4,4,1,4,0,80,3,1
18.66317376404615,103.10256468307088,0,1,1,1,3,3,1,4,2,10,2,1
18.579630442623035,102.95542063953212,2,0,4,1,2,0,4,4,0,10,1,1
18.54055372776384,103.10472063975276,0,1,2,1,2,0,1,4,0,10,0,1
18.58636780725393,103.02279428584109,0,0,1,1,4,3,1,4,0,10,1,1
18.49662611037039,102.60615565706644,0,0,3,1,1,1,4,4,2,10,4,1
18.671258601603228,102.86406197513716,2,2,2,1,1,2,1,4,3,30,2,1
18.60442394446473,102.97374627132814,1,2,4,1,1,3,0,4,4,10,1,1
18.447039106686997,102.63499157768666,0,1,0,1,4,0,0,0,0,80,0,1
18.685811309205963,103.02036883457394,4,2,0,1,3,2,4,4,1,10,2,1
18.60334596612379,102.84843128919348,0,1,4,0,0,1,0,4,1,10,0,1
18.60469343904997,102.81124103643091,1,2,2,1,1,1,1,7,2,10,0,1
18.593374666470066,102.94760529656028,2,3,2,1,1,3,3,4,0,10,1,1
18.70548441392818,103.11442244482126,2,3,3,1,0,1,2,4,3,10,2,1
18.651585496881008,103.11442244482126,1,2,2,1,2,2,4,4,0,10,2,1
18.567233691702185,102.69993977272853,0,0,3,1,1,0,1,0,0,80,0,1
18.56184379999747,103.11415295023602,2,2,3,1,1,1,4,4,2,10,1,1
18.552411489514213,102.7983052963396,0,1,4,1,1,3,0,4,2,10,0,1
18.51441275299596,103.023872264182,1,1,3,1,3,1,1,4,1,10,0,1
18.49339217534756,102.58729103609993,0,0,0,1,4,0,2,0,0,80,4,1
18.53381636313294,102.69104645141572,0,0,0,1,4,0,0,0,0,80,1,1
18.54675210322426,102.685656559711,0,0,3,1,4,0,1,0,0,80,1,1
18.44730860127223,102.71179753447888,1,3,3,1,0,4,2,4,1,0,3,1
18.54863856532091,102.96081053123682,1,2,1,1,3,4,2,4,0,10,0,1
18.54567412488332,102.76919988113411,0,0,1,1,4,0,1,0,0,80,0,1
18.63568531635209,102.8201343577437,1,1,2,1,0,3,1,4,4,10,0,1
18.520611128456384,102.98183110888522,1,3,0,1,3,1,3,4,1,10,0,1
18.51710769884832,102.6352610722719,0,1,0,1,3,0,3,0,0,80,4,1
18.558879359559874,103.11630890691792,2,3,2,1,1,1,2,4,2,10,1,1
18.47587502730723,102.59591486282748,0,0,1,1,4,0,0,0,2,10,4,1
18.665868709898508,103.03195710173908,2,1,2,1,3,3,2,4,3,10,2,1
18.59687809607813,102.87026035059758,0,0,3,1,0,1,4,4,1,10,1,1
18.523306074308746,103.08585601878626,2,3,0,1,2,4,4,4,2,10,0,1
18.64161419722728,103.02791468296054,0,0,0,1,2,2,2,4,4,10,1,1
18.59930354734525,102.96835637962344,1,3,2,1,1,3,0,4,0,10,1,1
18.540014738593364,102.64280692065851,0,0,1,1,4,0,1,0,0,80,4,1
18.61439524411846,102.78887298585634,2,3,1,1,4,4,4,4,3,10,0,1
18.67314506369988,102.93547804022464,3,1,3,1,3,3,1,4,2,10,2,1
18.552141994928977,102.81528345520944,0,0,4,1,0,1,3,4,0,10,0,1
18.469676651846804,102.69562785936472,1,1,3,1,1,0,1,4,2,0,1,1
18.592835677299597,102.962158004163,1,3,2,1,4,3,0,4,1,10,1,1
18.610083330754687,102.92254230013332,1,2,4,1,1,3,1,4,2,30,1,1
18.48288188652336,102.65816811201697,0,0,0,1,4,0,0,0,0,80,1,1
18.658322861511905,102.88211811234795,2,4,3,1,0,3,0,4,0,10,2,1
18.455123944244068,102.62286432135106,0,0,3,1,4,0,3,4,2,80,4,1
18.56103531624176,102.89128092824596,1,3,2,1,4,4,3,4,3,10,1,1
18.52195860138256,102.9831785818114,1,3,0,1,2,4,3,4,1,10,0,1
18.682307879597897,102.97886666844762,4,4,2,1,3,2,3,4,4,10,2,1
18.669102644921335,102.8990962712178,3,1,0,1,4,4,2,4,3,10,2,1
18.55133351117327,103.0516302064613,0,0,2,1,0,1,0,4,3,40,1,1
18.551603005758505,102.63553056685714,0,0,0,1,4,0,0,0,0,80,0,1
18.656975388585725,103.0117450078464,1,1,4,1,1,0,2,4,3,10,2,1
18.522497590553037,102.92038634345144,1,3,4,1,2,4,1,4,2,30,0,1
18.5297739443544,102.7659659461113,0,0,3,1,4,0,0,7,0,80,0,1
18.500129539978456,102.61316251628256,0,1,0,1,1,2,1,7,2,80,4,1
18.62867845713596,102.83414807617596,0,0,1,1,2,1,0,4,3,10,0,1
18.64916004561389,103.05809807650697,0,0,0,1,2,2,1,4,3,10,1,1
18.478300478574354,102.64765782319276,0,0,0,1,4,0,1,0,0,80,4,1
18.589332247691527,102.97132082006102,1,1,4,1,4,3,0,4,0,10,1,1
18.708448854365773,103.09986973721853,2,3,2,1,0,1,2,4,2,10,2,1
18.594722139396243,102.80261720970336,0,1,0,1,0,1,3,4,1,10,0,1
18.64377015390917,102.79426287756104,2,2,0,1,4,4,4,4,3,10,0,1
18.596339106907656,103.07103381659827,0,2,1,1,4,3,0,4,4,10,1,1
18.592835677299597,103.13193959286158,1,1,4,1,4,3,1,4,1,10,1,1
18.594452644811007,102.85220421338676,0,2,4,1,0,1,0,4,0,10,1,1
18.547021597809497,102.80234771511812,0,0,3,1,0,1,0,4,2,10,0,1
18.53192990103629,102.9260457297414,1,2,2,1,2,4,1,4,0,30,0,1
18.551603005758505,102.86190601845526,0,2,1,1,0,1,1,4,3,10,1,1
18.541362211519544,102.84923977294918,0,2,0,1,4,0,0,0,0,30,0,1
18.443805171664163,102.7109890507232,0,1,0,1,0,2,2,4,1,0,3,1
18.615203727874167,102.92523724598568,1,1,0,0,2,4,2,4,2,10,1,1
18.572893077992138,102.89262840117216,1,0,4,1,4,4,3,4,3,10,1,1
18.550525027417564,102.84816179460825,0,1,1,0,0,1,2,0,0,10,0,1
18.575049034674024,103.0734592678654,0,1,4,1,2,0,2,4,3,10,1,1
18.420089648163408,102.71772641535408,2,2,0,1,2,4,0,4,3,0,3,1
18.471832608528693,102.63795601812426,0,0,0,1,4,0,0,0,0,80,4,1
18.51441275299596,102.80100024219196,1,1,0,1,1,3,0,4,0,10,0,1
18.638110767619217,102.87942316649558,1,0,2,1,0,1,1,4,0,10,1,1
18.64862105644341,103.1033731668266,1,2,2,1,2,2,4,4,3,10,1,1
18.504710947927467,102.58675204692943,0,0,0,1,1,0,2,0,0,10,4,1
18.73405083996318,103.0885509646386,4,0,1,1,2,4,4,7,4,10,2,1
18.598764558174786,103.07022533284258,1,2,0,1,1,3,0,4,3,10,1,1
18.550255532832328,103.06618291406404,0,0,3,1,2,0,0,4,0,40,1,1
18.546482608639025,102.68969897848956,0,0,3,1,4,0,1,0,0,80,1,1
18.641344702642044,102.85759410509148,1,1,0,1,0,1,1,4,4,10,1,1
18.589332247691527,102.8840045744446,1,1,1,1,2,2,2,4,3,10,1,1
18.524114558064447,103.05675060358078,2,3,4,2,2,4,4,4,3,10,0,1
18.707370876024832,103.12089031486693,2,4,2,1,0,1,3,4,2,10,2,1
18.637571778448745,102.8780756935694,1,0,2,1,0,1,1,4,0,10,1,1
18.706562392269124,103.02117731832963,1,3,2,1,0,1,0,4,1,10,2,1
18.69955553305299,103.0772321920587,0,1,2,1,0,1,0,4,4,10,2,1
18.660209323608555,102.9079895925306,2,3,3,1,1,0,4,4,1,10,2,1
18.67098910701799,102.87753670439892,2,2,3,1,4,4,0,4,2,10,2,1
18.50821437753553,102.6899684730748,0,1,4,1,2,3,2,4,1,10,1,1
18.675031525796527,102.9936888706356,1,2,3,1,3,3,0,4,4,10,2,1
18.54270968444572,102.6328356210048,0,0,0,1,4,0,0,0,0,80,4,1
18.46374777097161,102.61909139715776,0,0,0,1,4,0,3,0,2,80,4,1
18.678534955404597,102.95245619909451,4,2,2,1,3,2,4,4,1,10,2,1
18.51333477465501,102.62178634301011,0,0,3,1,4,0,0,0,0,80,4,1
18.57531852925926,103.02360276959678,0,0,1,1,2,0,0,4,1,40,1,1
18.56184379999747,102.8457363433411,0,3,4,1,2,4,2,4,0,10,0,1
18.508753366706003,102.77971016995832,1,1,0,1,0,1,1,4,0,10,0,1
18.51845517177449,102.76866089196363,0,3,4,1,0,3,3,4,1,10,0,1
18.51764668801879,102.57947569312807,0,0,0,1,1,3,1,0,2,80,4,1
18.55807087580417,102.92577623515616,1,4,2,1,3,4,4,4,0,10,1,1
18.57019813213978,102.97482424966908,0,1,0,1,2,0,0,4,3,10,1,1
18.63029542464737,102.82336829276652,1,2,2,1,1,1,0,4,3,10,0,1
18.432486399084254,102.72635024208162,2,3,4,1,2,3,2,4,3,0,3,1
18.537319792741005,102.71287551281983,0,0,3,1,4,0,1,0,0,80,1,1
18.69389614676304,103.0448928418304,2,2,0,1,3,2,1,4,2,10,2,1
18.65401094814813,102.97428526049862,1,2,3,1,1,0,2,4,2,10,2,1
18.472910586869634,102.7247332745702,3,1,2,1,1,1,3,4,3,10,1,1
18.50848387212077,102.6659834549888,0,1,2,1,4,0,2,0,1,80,1,1
18.547291092394733,102.6773022275687,0,0,0,1,4,0,0,0,0,80,1,1
18.60981383616945,102.90259970082587,1,1,2,1,0,1,3,4,1,30,1,1
18.723271056553745,103.04543183100088,2,2,3,1,2,4,3,4,3,10,2,1
18.73189488328129,103.0944798455138,4,0,1,1,2,4,4,7,4,10,2,1
18.49393116451803,102.65951558494314,0,1,1,1,4,0,3,0,0,80,1,1
18.54675210322426,102.6352610722719,0,0,0,1,4,4,0,0,0,80,4,1
18.592835677299597,102.87834518815464,1,1,1,1,3,3,3,4,3,10,1,1
18.607657879487565,102.86945186684186,0,0,4,1,4,4,4,4,1,10,1,1
18.637032789278276,103.0990612534628,1,4,2,1,2,2,4,4,1,10,1,1
18.430599936987605,102.70721612652989,2,1,1,1,2,4,2,4,1,0,3,1
18.50147701290464,102.76327100025894,2,2,0,1,4,4,2,4,1,10,0,1
18.445691633760813,102.68161414093248,2,2,0,1,2,4,4,4,2,0,3,1
18.64619560517629,102.8268717223746,1,0,3,1,2,4,3,4,3,10,0,1
18.52357556889398,102.8133969931128,1,2,4,1,1,1,3,4,1,30,0,1
18.73081690494035,103.04920475519418,3,2,2,1,2,4,1,4,4,10,2,1
18.51090932338789,102.66355800372168,0,1,2,1,4,0,2,0,0,80,1,1
18.425479539868125,102.6894294839043,2,1,3,1,2,4,4,4,2,0,3,1
18.564808240435063,102.80423417721478,0,1,2,2,0,2,0,4,1,10,0,1
18.725696507820867,103.0230637804263,2,1,2,1,2,4,2,4,2,10,2,1
18.58582881808346,102.82633273320413,0,1,4,1,4,4,2,4,1,10,0,1
18.54863856532091,102.72715872583731,0,0,3,1,4,0,3,0,0,80,1,1
18.587445785594877,103.00527713780072,0,1,1,1,4,3,2,4,2,10,1,1
18.59148820437341,102.93493905105416,2,1,2,1,4,3,3,4,2,10,1,1
18.531390911865817,103.0516302064613,0,3,0,1,2,4,1,4,3,10,0,1
18.533546868547703,102.84546684875588,0,2,0,1,0,1,1,4,0,10,0,1
18.587445785594877,102.95784609079922,2,0,4,1,4,3,0,4,0,10,1,1
18.541362211519544,102.73497406880917,0,0,1,1,4,3,0,0,0,80,1,1
18.519263655530203,102.58163164980996,0,0,3,1,1,3,1,0,2,80,4,1
18.56373026209412,102.88050114483651,1,2,0,1,1,4,2,4,3,10,1,1
18.57693549677068,102.87268580186468,1,2,2,1,0,1,4,4,2,10,1,1
18.67745697706365,102.9899159464423,2,2,2,1,3,2,1,7,3,10,2,1
18.606310406561384,102.95569013411732,2,2,0,1,1,3,0,4,1,30,1,1
18.540014738593364,102.95030024241262,0,2,1,1,2,0,2,4,2,10,0,1
18.554028457025627,102.6134320108678,0,0,0,1,4,0,2,0,0,80,0,1
18.55914885414511,102.82902767905648,0,1,2,1,1,4,1,4,2,10,0,1
18.57019813213978,102.79426287756104,0,1,4,1,1,2,2,4,0,10,0,1
18.435181344936616,102.71583995325744,2,1,4,1,0,3,0,4,3,0,3,1
18.64565661600582,102.97509374425432,1,2,3,1,2,2,0,4,2,40,1,1
18.625983511283604,102.95245619909451,1,3,0,1,1,4,3,4,2,10,1,1
18.43033044240237,102.67784121673915,2,2,2,1,3,4,4,4,2,0,3,1
18.604962933635207,102.89559284160974,0,2,4,0,0,1,3,4,1,10,1,1
18.602267987782845,103.13544302246966,2,2,1,2,1,3,1,4,3,10,1,1
18.619515641237943,103.07804067581442,0,1,3,1,1,4,0,4,1,10,1,1
18.675031525796527,103.12870565783876,2,2,0,1,3,3,0,4,3,10,2,1
18.465903727653505,102.60696414082214,0,2,3,1,4,0,2,0,2,10,4,1
18.5545674461961,102.86109753469955,0,2,1,1,3,4,2,4,3,10,1,1
18.50848387212077,102.71368399657554,2,4,4,1,4,4,0,4,2,10,1,1
18.46347827638638,102.64226793148804,0,0,4,1,4,0,3,0,0,80,4,1
18.669911128677047,103.12870565783876,1,2,2,1,3,3,3,4,3,10,2,1
18.56615571336124,102.77971016995832,0,1,4,1,1,0,2,4,0,10,0,1
18.544057157371903,102.91203201130912,0,1,1,1,1,0,1,4,0,30,0,1
18.519802644700675,102.88481305820032,1,3,4,1,2,4,0,4,2,10,0,1
18.65670589400049,102.9583850799697,2,1,2,1,1,0,2,4,2,10,2,1
18.60011203110096,102.9591935637254,1,3,0,1,1,3,2,4,1,30,1,1
18.638110767619217,102.99800078399936,1,0,1,1,2,2,2,4,2,40,1,1
18.53381636313294,102.70290421316612,0,0,3,1,4,0,2,0,0,80,1,1
18.543787662786663,103.00231269736314,0,0,4,1,2,0,3,4,0,10,0,1
18.562113294582705,103.05890656026268,0,0,1,1,1,1,0,4,0,10,1,1
18.52869596601346,103.07804067581442,0,1,4,1,2,4,4,4,2,10,0,1
18.670719612432755,102.93035764310515,3,1,3,1,3,3,1,4,4,10,2,1
18.658322861511905,103.11954284194074,2,3,0,1,3,3,3,4,2,10,2,1
18.68635029837644,102.9155354409172,4,2,2,1,3,2,0,4,2,10,2,1
18.484229359449543,102.69508887019428,0,0,3,1,0,3,1,4,2,0,1,1
18.61789867372653,102.82741071154508,1,0,0,1,1,1,4,4,2,10,0,1
18.546482608639025,102.65116125280082,0,0,0,1,4,0,0,0,0,80,1,1
18.598764558174786,102.80019175843624,0,1,2,1,0,1,0,4,1,10,0,1
18.66721618282469,102.81312749852756,3,2,0,1,1,3,2,4,2,10,0,1
18.6575143777562,102.88589103654124,2,3,2,1,0,2,0,4,0,10,2,1
18.54756058697997,102.8592110726029,0,2,1,1,1,2,1,0,1,10,0,1
18.551064016588036,102.628523707641,0,0,0,1,4,0,0,0,0,80,0,1
18.57073712131025,102.84304139748876,0,3,4,1,4,4,3,4,1,10,0,1
18.54675210322426,102.75788110855422,0,0,3,1,3,3,4,0,0,80,0,1
18.514682247581195,102.98722100058993,2,0,2,1,3,1,2,4,2,10,0,1
18.68284686876837,102.8328006032498,4,1,0,1,3,4,2,4,2,10,0,1
18.56373026209412,102.90152172248492,1,1,1,1,1,3,1,4,3,10,1,1
18.646734594346764,103.03815547719952,0,3,0,1,2,2,0,4,3,10,1,1
18.677726471648885,103.0680693761607,0,1,3,1,3,2,0,4,1,10,2,1
18.57855246428209,102.83980746246591,0,1,4,1,1,1,0,4,1,10,0,1
18.62301907084601,102.8705298451828,0,0,3,1,0,1,2,4,2,10,1,1
18.617359684556053,102.91499645174672,1,2,1,1,0,1,1,4,2,10,1,1
18.66721618282469,103.08585601878626,0,1,1,1,3,3,3,4,2,10,2,1
18.607657879487565,102.96916486337912,1,1,2,1,1,3,0,4,4,10,1,1
18.520880623041617,102.6848480759553,0,0,4,1,4,0,1,0,0,80,1,1
18.526809503916805,102.80612063931144,1,2,4,1,1,1,3,4,0,30,0,1
18.58502033432775,102.89963526038828,1,1,0,1,4,3,3,4,3,10,1,1
18.63352935967021,103.12654970115688,2,4,2,1,2,2,2,4,2,10,1,1
18.640805713471572,102.83495655993168,1,1,3,1,1,1,0,4,3,10,0,1
18.53516383605912,102.85894157801766,0,0,4,1,1,4,1,4,1,10,0,1
18.454854449658832,102.70155674023992,0,2,3,1,3,4,0,4,1,0,1,1
18.54270968444572,102.8953233470245,0,1,1,1,2,0,2,4,0,10,0,1
18.62625300586884,102.9238897730595,1,0,2,1,1,4,2,4,2,10,1,1
18.648351561858178,102.82202081984036,1,2,2,1,0,4,3,4,2,10,0,1
18.629756435476903,103.0117450078464,1,2,3,1,1,4,3,4,3,10,1,1
18.512795785484546,102.6676004225002,0,0,2,1,4,0,0,0,1,80,1,1
18.670719612432755,102.97805818469192,3,3,0,1,3,3,2,4,3,10,2,1
18.504980442512704,102.62448128886248,0,0,4,1,1,1,0,0,0,80,4,1
18.659400839852847,103.0117450078464,1,1,4,1,1,0,2,4,3,10,2,1
18.489080261983787,102.69859229980231,0,0,3,1,4,4,1,4,1,0,1,1
18.6003815256862,103.00069572985171,0,2,3,1,1,3,0,4,2,10,1,1
18.539745244008127,102.78914248044158,0,0,3,1,1,0,2,0,0,80,0,1
18.651585496881008,102.905025152093,1,1,2,1,3,4,0,4,1,10,2,1
18.495009142858976,102.59591486282748,0,0,0,1,4,0,0,0,0,10,4,1
18.649968529369595,103.1155004231622,1,2,2,1,2,2,4,4,0,10,1,1
18.66317376404615,103.04543183100088,1,3,1,1,3,3,2,4,4,30,2,1
18.54459614654237,102.60642515165166,0,0,4,1,4,0,1,0,0,80,4,1
18.545943619468552,103.05944554943314,0,0,3,1,2,0,3,4,0,40,0,1
18.48288188652336,102.7109890507232,2,4,4,1,1,3,4,7,1,0,1,1
18.559957337900816,102.7832135995664,0,1,4,1,2,0,4,4,0,10,0,1
18.69766907095634,103.01497894286922,3,1,1,1,0,1,3,4,1,10,2,1
18.54567412488332,102.9899159464423,0,0,4,1,2,0,2,4,0,10,0,1
18.7146472298262,103.04246739056327,2,4,3,1,0,1,3,4,3,10,2,1
18.569659142969307,102.94437136153743,2,3,0,1,1,1,3,4,3,10,1,1
18.592835677299597,102.95542063953212,2,3,2,1,4,3,0,4,1,10,1,1
18.552141994928977,102.6735293033754,0,0,4,1,4,0,1,0,0,80,0,1
18.602267987782845,102.97913616303286,1,2,4,1,1,3,3,4,2,10,1,1
18.530582428110108,102.76246251650323,0,0,3,1,4,0,0,7,0,80,0,1
18.51764668801879,103.04165890680756,2,1,2,1,3,1,3,4,1,10,0,1
18.536511308985297,102.995305838147,0,0,3,1,2,0,2,4,1,40,0,1
18.63137340298832,102.9260457297414,1,0,2,1,1,4,4,4,2,10,1,1
18.538128276496717,102.81447497145376,0,2,0,1,1,0,2,0,0,10,0,1
18.608196868658037,102.79938327468054,1,3,2,1,0,3,2,4,3,10,0,1
18.51710769884832,102.87484175854658,2,2,0,1,3,1,1,4,2,10,0,1
18.634337843425914,102.95811558538446,1,3,0,1,2,2,0,4,3,10,1,1
18.52384506347921,103.08046612708154,2,3,0,1,2,4,4,4,2,10,0,1
18.69147069549592,103.06456594655262,0,1,1,1,3,2,1,4,0,10,2,1
18.578821958867326,102.90017424955876,1,1,0,1,0,1,3,4,3,10,1,1
18.52384506347921,102.9899159464423,1,2,4,1,2,4,4,4,1,10,0,1
18.68069091208648,103.06348796821167,0,1,3,1,3,2,0,4,1,10,2,1
18.607657879487565,102.99395836522083,0,2,2,1,1,3,2,4,2,10,1,1
18.521150117626853,102.89694031453593,1,3,4,1,0,1,3,4,2,10,0,1
18.54675210322426,102.71583995325744,0,0,3,1,4,0,2,0,0,80,1,1
18.426827012794305,102.67568526005728,1,2,3,1,4,4,1,4,2,0,3,1
18.543787662786663,103.04004193929616,0,0,3,1,2,0,1,4,1,10,0,1
18.596339106907656,102.93871197524749,2,2,1,1,1,3,4,4,1,10,1,1
18.6612873019495,102.88616053112648,2,3,2,1,3,4,0,4,3,10,2,1
18.63218188674403,103.09232388883191,1,2,4,1,2,2,0,4,1,10,1,0
18.72785246450276,103.03519103676192,2,3,3,1,2,4,2,4,1,10,2,0
18.557531886633694,103.1365210008106,3,2,2,1,1,1,4,4,4,10,1,0
18.71976762694568,103.07804067581442,3,4,1,1,2,4,1,4,2,10,2,0
18.576396507600204,102.97105132547578,2,3,0,1,2,0,2,4,2,10,1,0
18.684194341694543,102.98506504390804,3,3,1,1,3,2,4,7,4,10,2,0
18.5545674461961,102.93224410520182,1,4,2,1,3,4,0,4,3,10,1,0
18.64942954019912,103.12277677696356,1,3,2,1,2,2,3,4,2,10,1,0
18.60145950402714,103.03060962881293,1,3,1,1,1,3,2,4,3,10,1,0
18.674223042040826,102.9697038525496,4,3,3,2,3,3,4,7,4,10,2,0
18.5688506592136,103.0327655854948,0,0,4,1,2,0,2,4,0,40,1,0
18.54540463029808,103.01497894286922,0,0,4,1,2,0,2,4,0,10,0,0
18.562113294582705,103.08423905127484,0,0,1,1,1,1,1,4,3,10,1,0
18.670719612432755,102.97105132547578,3,4,1,1,3,3,4,7,4,10,2,0
18.64565661600582,102.94544933987838,2,1,3,1,2,2,4,4,3,10,1,0
18.550255532832328,103.12547172281592,0,2,4,1,2,0,2,4,1,10,1,0
18.649968529369595,103.12520222823068,1,3,2,1,2,2,3,4,2,10,1,0
18.66182629111997,102.90772009794536,2,2,3,1,1,0,4,4,1,10,2,0
18.650507518540064,103.109571542287,1,2,2,1,2,2,4,4,0,10,2,0
18.716803186508084,103.12789717408305,3,3,3,1,0,1,4,4,4,10,2,0
18.548908059906147,103.00527713780072,0,0,1,1,2,0,1,4,0,10,0,0
18.7146472298262,103.06860836533116,3,2,2,1,0,1,3,4,4,10,2,0
18.65239398063672,102.9772497009362,1,2,3,1,1,0,3,4,2,10,2,0
18.64916004561389,103.10310367224136,0,1,3,2,2,2,4,4,3,10,1,0
18.595261128566715,103.14730078422004,3,3,0,1,4,3,4,4,4,10,1,0
18.71707268109332,103.11792587442932,3,3,1,1,0,1,2,4,3,10,2,0
18.71006582187719,103.1146919394065,3,3,1,1,0,1,2,4,1,10,2,0
18.694704630518743,103.09205439424667,1,3,2,1,3,2,4,4,4,10,2,0
18.71788116484903,103.0298011450572,1,2,1,1,2,4,4,4,0,10,2,0
18.702519973490585,103.06833887074592,1,2,2,1,0,1,0,4,4,10,2,0
18.673953547455582,102.96997334713484,4,3,3,2,3,3,4,7,4,10,2,0
18.632720875914497,103.09636630761044,1,4,2,1,2,2,4,4,1,10,1,0
18.71276076772955,103.0403114338814,2,4,3,1,0,1,1,4,3,10,2,0
18.70602340309865,103.1117274989689,2,3,3,1,0,1,1,4,3,10,2,0
18.6860808037912,103.10364266141184,1,3,3,1,3,2,3,4,3,10,2,0
18.6965910926154,103.11819536901456,2,1,0,1,0,1,2,4,3,10,2,0
18.72165408904233,103.08801197546816,3,2,2,2,2,4,1,4,4,10,2,0
18.70278946807582,103.08450854586007,2,0,3,1,0,1,3,7,4,10,2,0
18.721384594457096,103.07992713791108,3,2,2,1,2,4,1,4,2,10,2,0
18.71599470275238,103.04435385265994,2,4,3,1,2,4,1,4,3,10,2,0
18.65724488317096,102.92038634345144,2,3,2,1,1,0,1,4,1,10,2,0
18.711682789388604,103.0516302064613,2,3,0,1,0,1,3,4,1,10,2,0
18.53516383605912,102.938172986077,0,3,4,1,2,0,0,4,2,10,0,0
18.712491273144312,103.06941684908686,3,2,2,1,0,1,3,4,4,10,2,0
18.68392484710931,102.98749049517517,3,3,1,1,3,2,4,7,4,10,2,0
18.5793609480378,102.97185980923147,2,3,0,1,2,0,2,4,2,10,1,0
18.71114380021813,103.0373469934438,1,1,3,1,0,1,1,4,3,10,2,0
18.559418348730347,103.09340186717286,2,4,3,1,1,1,3,4,1,10,1,0
18.6108918145104,103.1012172101447,2,3,4,1,1,3,4,4,3,10,1,0
18.70683188685436,103.08423905127484,2,4,3,1,0,1,3,7,4,10,2,0
18.552141994928977,102.93547804022464,1,4,2,1,3,4,0,4,3,10,1,0
18.55268098409945,103.12035132569645,2,4,3,1,1,1,2,4,1,10,1,0
18.63137340298832,103.09205439424667,1,2,4,1,2,2,0,4,1,10,1,0
18.65293296980719,102.91364897882056,2,3,2,1,3,4,0,4,1,10,2,0
18.68715878213214,102.97617172259528,4,4,2,1,3,2,4,4,4,10,2,0
18.71114380021813,103.0696863436721,3,2,2,1,0,1,3,4,4,10,2,0
18.677726471648885,102.81070204726043,3,4,3,1,0,4,3,4,0,10,0,0
18.714916724411435,103.13625150622536,3,2,4,1,0,1,4,4,4,10,2,0
18.615203727874167,102.97536323883956,1,1,1,1,1,4,3,4,4,10,1,0
18.665868709898508,103.02063832915918,2,3,2,1,3,3,2,4,3,10,2,0
18.634876832596387,103.100408726389,1,4,2,1,2,2,4,4,2,10,1,0
18.71707268109332,103.12816666866829,3,3,3,1,0,1,4,4,4,10,2,0
18.65993982902332,102.91445746257624,2,3,3,1,1,0,2,4,1,10,2,0
18.71222177855908,103.04004193929616,2,4,3,1,0,1,1,4,3,10,2,0
18.65805336692667,102.9734767767429,3,1,3,1,1,0,3,4,2,10,2,0
18.65023802395483,103.10552912350848,1,2,2,1,2,2,4,4,3,10,2,0
18.684194341694543,103.00931955657929,4,2,0,1,3,2,4,4,3,10,2,0
18.707640370610065,103.0696863436721,2,4,2,1,0,1,0,4,4,10,2,0
18.57693549677068,102.97132082006102,2,3,0,1,2,0,2,4,2,10,1,0
18.710604811047663,103.1146919394065,3,3,1,1,0,1,2,4,1,10,2,0
18.684463836279782,102.9915329139537,3,3,1,1,3,2,4,7,4,10,2,0
18.651854991466244,103.11792587442932,2,3,3,1,1,0,3,4,2,10,2,0
18.60145950402714,103.02252479125583,1,3,1,1,1,3,3,4,2,10,1,0
18.645117626835347,102.93305258895752,1,1,2,1,2,2,3,4,2,10,1,0
18.650507518540064,102.91122352755342,2,3,2,1,1,1,0,4,1,10,2,0
18.54540463029808,103.014709448284,0,0,4,1,2,0,2,4,0,10,0,0
18.60469343904997,103.03034013422769,1,3,1,1,1,3,2,4,3,10,1,0
18.558879359559874,103.08801197546816,0,0,1,1,1,1,3,4,1,10,1,0
18.696860587200632,103.11819536901456,2,1,0,1,0,1,2,4,3,10,2,0
18.561304810827,103.11496143399172,2,2,3,1,1,1,4,4,2,10,1,0
18.68338585793884,103.10741558560512,1,4,1,1,3,2,4,4,3,10,2,0
18.713569251485257,103.0688778599164,3,2,2,1,0,1,3,4,4,10,2,0
18.59499163398148,103.01282298618736,1,2,4,1,1,3,2,4,2,10,1,0
18.692548673836857,103.1268191957421,2,1,1,1,3,2,3,4,4,10,2,0
18.685811309205963,103.10768508019036,1,4,1,1,3,2,3,4,3,10,2,0
18.70898784353625,103.06160150611504,2,4,1,1,0,1,3,4,1,10,2,0
18.554836940781332,103.13705998998108,3,2,2,1,1,1,4,4,4,10,1,0
18.64808206727294,103.12466323906024,1,3,2,1,2,2,3,4,2,10,1,0
18.59256618271436,103.0395029501257,0,0,3,1,4,3,0,4,1,10,1,0
18.67449253662605,102.96943435796436,4,3,3,2,3,3,4,7,4,10,2,0
18.5507945220028,103.14271937627102,0,1,4,1,1,1,1,4,2,10,1,0
18.6860808037912,102.98371757098188,3,4,1,1,3,2,4,4,4,10,2,0
18.71222177855908,103.11576991774744,3,3,1,1,0,1,2,4,1,10,2,0
18.586906796424405,103.13759897915152,2,3,1,1,2,0,2,4,1,10,1,0
18.66694668823945,102.9486832749012,3,2,3,1,3,3,1,4,2,10,2,0
18.678534955404597,102.81366648769804,3,2,1,1,0,4,4,4,0,10,0,0
18.699825027638227,103.067260892405,1,2,2,1,0,1,1,4,0,10,2,0
18.67610950413747,102.81016305808996,3,4,3,1,0,4,3,4,0,10,0,0
18.600920514856668,103.03330457466528,1,3,1,1,1,3,2,4,3,10,1,0
18.704136941002,103.0696863436721,2,4,2,1,0,1,0,4,4,10,2,0
18.70090300597917,103.08828147005336,2,0,3,1,0,1,3,4,4,10,2,0
18.7071013814396,103.08882045922384,2,0,3,1,0,1,3,4,3,10,2,0
18.575588023844496,102.98883796810136,0,0,4,1,2,0,2,4,0,10,1,0
18.58663730183917,103.14218038710057,2,3,1,1,2,0,0,4,4,10,1,0
18.634337843425914,102.97913616303286,1,3,2,1,2,2,0,4,4,10,1,0
18.676378998722708,102.96161901499252,4,2,2,1,3,2,3,7,4,10,2,0
18.718689648604737,103.0298011450572,1,2,1,1,2,4,4,4,0,10,2,0
18.669911128677047,102.97132082006102,3,3,0,1,3,3,4,7,4,10,2,0
18.672067085358933,102.9705123363053,3,4,1,1,3,3,4,7,4,10,2,0
18.69713008178587,103.08504753503055,1,3,2,1,0,1,4,7,4,10,2,0
18.432216904499025,102.64927479070415,0,2,3,1,1,1,1,4,0,80,0,0
18.63164289757356,103.09205439424667,1,2,4,1,2,2,0,4,1,10,1,0
18.686889287546904,103.10094771555949,1,3,3,1,3,2,2,4,3,10,2,0
18.72677448616181,103.0861255133715,3,2,2,2,2,4,1,4,4,10,2,0
18.587445785594877,103.1394854412482,2,3,1,1,4,3,2,4,1,10,1,0
18.708179359780537,103.0613320115298,2,4,1,1,0,1,3,4,1,10,2,0
18.56103531624176,103.08882045922384,0,0,1,1,1,1,3,4,1,10,1,0
18.555375929951808,102.93224410520182,1,4,2,1,3,4,0,4,3,10,1,0
18.686889287546904,103.0915154050762,1,3,2,1,3,2,0,4,4,10,2,0
18.71518621899667,103.04435385265994,2,4,3,1,2,4,1,4,3,10,2,0
18.67826546081936,103.0268367046196,3,3,2,1,3,2,4,4,0,10,2,0
18.70548441392818,103.05971504401838,2,4,1,1,0,1,3,4,1,10,2,0
18.704136941002,103.06779988157544,2,4,2,1,0,1,0,4,4,30,2,0
18.71195228397384,103.1155004231622,3,3,1,1,0,1,2,4,1,10,2,0
18.73081690494035,103.10633760726418,3,3,1,1,2,4,2,4,4,10,2,0
18.64969903478436,103.10768508019036,1,2,2,1,2,2,4,4,3,10,1,0
18.59418315022577,103.11118850979842,2,0,3,1,4,3,2,4,3,10,1,0
18.5545674461961,103.10714609101989,2,1,3,1,1,1,1,4,1,10,1,0
18.655897410244783,102.97832767927714,2,4,1,1,1,0,3,4,4,10,2,0
18.5545674461961,102.93601702939512,1,4,2,1,3,4,0,4,3,10,1,0
18.551603005758505,103.14271937627102,0,1,4,1,1,1,1,4,2,10,1,0
18.57828296969685,103.00554663238596,0,0,2,1,2,0,1,4,1,10,1,0
18.676378998722708,102.81663092813564,3,2,1,1,0,3,1,4,4,10,0,0
18.69389614676304,103.11954284194074,2,1,1,1,3,2,2,4,3,10,2,0
18.732433872451765,103.11118850979842,3,2,3,1,2,4,3,7,2,10,2,0
18.684194341694543,103.10741558560512,1,4,1,1,3,2,3,4,3,10,2,0
18.718689648604737,103.09771378053664,3,1,1,1,2,4,4,4,4,10,2,0
18.72461852947993,103.06456594655262,3,1,2,1,2,4,1,6,3,10,2,0
18.651854991466244,102.91661341925814,2,3,2,1,3,4,0,4,1,10,2,0
18.675570514967,102.95407316660592,4,3,2,1,3,3,4,4,2,10,2,0
18.67368405287035,102.97024284172008,4,3,3,2,3,3,4,7,4,10,2,0
18.57477954008879,102.9802141413738,0,0,4,1,2,0,0,4,0,10,1,0
18.71437773524096,103.11657840150316,3,3,1,1,0,1,2,4,1,10,2,0
18.562652283753177,103.0869339971272,1,2,4,1,1,1,1,4,1,10,1,0
18.65212448605148,102.91661341925814,2,3,2,1,3,4,0,4,1,10,2,0
18.689584233399263,103.07965764332585,1,3,2,1,3,2,4,4,4,10,2,0
18.627061489624545,102.97159031464624,1,0,4,1,1,4,3,4,3,10,1,0
18.70090300597917,103.0651049357231,1,2,3,1,0,1,1,4,0,10,2,0
18.706562392269124,103.0696863436721,2,4,2,1,0,1,0,4,4,10,2,0
18.701980984320112,103.06025403318884,2,4,1,1,0,1,1,4,1,10,2,0
18.69120120091068,103.08774248088292,1,3,2,1,3,2,4,4,4,30,2,0
18.6860808037912,102.98344807639664,3,4,1,1,3,2,4,4,4,10,2,0
18.701172500564407,103.06779988157544,1,2,2,1,0,1,0,4,0,10,2,0
18.62679199503931,103.07804067581442,0,3,3,1,1,4,1,4,2,10,1,0
18.661017807364264,102.9139184734058,3,0,1,0,1,0,2,4,1,10,2,0
18.593374666470066,103.11118850979842,2,0,3,1,4,3,2,4,3,10,1,0
18.596069612322424,103.06025403318884,1,2,2,1,4,3,3,4,3,10,1,0
18.668833150336106,103.05863706567744,1,3,1,1,3,3,4,4,4,10,2,0
18.62517502752789,103.00716359989738,1,3,2,1,1,4,1,4,3,10,1,0
18.6507770131253,102.9772497009362,1,2,3,1,2,2,0,4,2,10,2,0
18.65535842107431,102.93143562144613,3,2,4,1,1,0,4,4,4,10,2,0
18.671258601603228,102.97105132547578,3,4,1,1,3,3,4,7,4,10,2,0
18.67449253662605,102.9697038525496,4,3,3,2,3,3,4,7,4,10,2,0
18.68473333086502,102.97159031464624,4,4,2,1,3,2,4,4,2,10,2,0
18.71383874607049,103.06860836533116,3,2,2,1,0,1,3,4,4,10,2,0
18.65131600229577,103.1079545747756,1,2,2,1,2,2,4,4,0,10,2,0
18.687697771302613,103.09528832926952,0,2,2,1,3,2,2,4,4,30,2,0
18.731086399525587,103.0629489790412,3,1,2,1,2,4,1,6,4,10,2,0
18.706562392269124,103.06914735450164,2,4,2,1,0,1,0,4,4,10,2,0
18.70359795183153,103.05971504401838,2,4,1,1,0,1,1,4,1,10,2,0
18.585559323498224,103.13167009827636,1,2,3,1,2,0,2,4,1,10,1,0
18.685811309205963,103.1184648635998,1,4,1,1,3,2,2,4,3,10,2,0
18.7079098651953,103.0651049357231,2,4,1,1,0,1,3,4,4,10,2,0
18.70548441392818,103.08423905127484,2,4,3,1,0,1,3,7,4,10,2,0
18.560765821656524,103.10013923180377,2,4,3,1,1,1,4,4,1,10,1,0
18.690931706325443,103.12089031486693,2,1,1,1,3,2,2,4,4,10,2,0
18.63460733801115,103.10229518848564,1,4,2,1,2,2,4,4,1,10,1,0
18.685541814620727,103.10364266141184,1,3,3,1,3,2,3,4,3,10,2,0
18.6936266521778,103.10013923180377,1,3,3,1,3,2,3,4,2,10,2,0
18.590679720617704,102.94922226407168,2,3,2,1,4,3,3,4,0,10,1,0
18.668833150336106,103.03141811256862,2,1,2,1,3,3,2,4,3,10,2,0
18.681768890427424,102.85516865382436,3,3,2,1,0,3,2,7,2,10,2,0
18.71276076772955,103.06914735450164,3,2,2,1,0,1,3,4,4,10,2,0
18.70171148973488,103.08343056751912,2,4,3,1,0,1,3,7,4,10,2,0
18.554028457025627,103.13517352788442,3,2,2,1,1,1,1,4,4,10,1,0
18.61816816831176,103.11118850979842,2,0,0,1,1,4,4,4,4,10,1,0
18.594722139396243,103.10472063975276,2,0,3,1,4,3,2,4,3,10,1,0
18.556453908292752,102.93197461061658,1,4,2,1,3,4,0,4,3,10,1,0
18.603076471538557,103.13517352788442,2,2,1,2,1,3,1,4,3,10,1,0
18.7079098651953,103.0696863436721,2,4,2,1,0,1,0,4,4,10,2,0
18.68635029837644,102.98371757098188,3,4,1,1,3,2,4,7,4,10,2,0
18.68284686876837,103.00392966487456,3,3,3,1,3,2,4,4,3,10,2,0
18.589871236862,102.9891074626866,2,3,3,2,4,3,0,4,2,10,1,0
18.655088926489075,102.90933706545675,2,3,3,1,3,4,4,4,1,10,2,0
18.55133351117327,103.12843616325353,2,4,3,1,1,1,2,4,1,10,1,0
18.69443513593351,103.08828147005336,1,3,2,1,3,2,4,4,4,10,2,0
18.68203838501266,103.10687659643466,1,3,3,1,3,2,4,4,3,10,2,0
18.706292897683888,103.09636630761044,2,3,2,1,0,1,2,4,3,10,2,0
18.651046507710536,103.13113110910588,1,3,2,1,2,2,3,4,2,10,2,0
18.70386744641677,103.10229518848564,2,3,2,1,0,1,2,4,2,10,2,0
18.651585496881008,103.12169879862265,1,3,2,1,2,2,3,4,2,10,2,0
18.63379885425544,103.10013923180377,1,4,2,1,2,2,4,4,2,10,1,0
18.711413294803368,103.07238128952446,2,4,2,1,0,1,1,4,4,10,2,0
18.68473333086502,102.98075313054429,4,4,2,1,3,2,3,4,4,10,2,0
18.71788116484903,103.02899266130149,1,2,1,1,2,4,4,4,0,10,2,0
18.727043980747048,103.0861255133715,3,2,2,2,2,4,1,4,4,10,2,0
18.645387121420583,102.93305258895752,1,1,2,1,2,2,3,4,2,10,1,0
18.71949813236045,103.07292027869494,3,4,1,1,2,4,4,4,3,10,2,0
18.592835677299597,103.04812677685324,1,3,1,1,4,3,0,4,2,40,1,0
18.58178639930492,102.99638381648796,1,3,2,1,2,0,4,4,1,10,1,0
18.68473333086502,103.11064952062796,1,4,1,1,3,2,3,4,3,10,2,0
18.7146472298262,103.10472063975276,2,2,1,1,0,1,0,4,2,10,2,0
18.64942954019912,103.12493273364544,1,3,2,1,2,2,3,4,2,10,1,0
18.71599470275238,103.03977244471092,2,4,3,1,2,4,3,4,3,10,2,0
18.58502033432775,103.13167009827636,1,2,3,1,2,0,2,4,1,10,1,0
18.68203838501266,103.10310367224136,0,1,2,1,3,2,3,4,3,10,2,0
18.726504991576576,103.05809807650697,2,2,2,1,2,4,1,4,4,10,2,0
18.608735857828503,103.09555782385476,2,2,0,2,1,3,2,4,2,10,1,0
18.70925733812148,103.07507623537684,2,4,2,1,0,1,1,4,4,10,2,0
18.58636780725393,102.9915329139537,1,4,0,1,4,3,0,4,0,10,1,0
18.66640769906898,102.99261089229464,1,1,2,1,3,3,0,4,2,10,2,0
18.552141994928977,103.1365210008106,3,2,2,1,1,1,1,4,4,10,1,0
18.56238278916794,103.0974442859514,2,4,3,1,1,1,4,4,1,10,1,0
18.553758962440394,103.11981233652595,2,4,3,1,1,1,2,4,1,10,1,0
18.59014073144723,102.98937695727182,2,3,3,2,4,3,0,4,2,10,1,0
18.68527232003549,102.98075313054429,4,4,2,1,3,2,3,4,4,10,2,0
18.72300156196851,103.08666450254196,3,2,2,2,2,4,1,4,4,10,2,0
18.690662211740207,103.08100511625202,1,3,2,1,3,2,4,4,4,10,2,0
18.65805336692667,102.97428526049862,2,4,1,1,1,0,3,4,2,10,2,0
18.660209323608555,102.91499645174672,3,0,1,0,1,0,0,4,1,10,2,0
18.594722139396243,103.09313237258762,0,3,2,1,4,3,1,4,4,10,1,0
18.58636780725393,102.99126341936848,1,4,0,1,4,3,0,4,0,10,1,0
18.71329975690002,103.0688778599164,3,2,2,1,0,1,3,4,4,10,2,0
18.731355894110823,103.0680693761607,3,1,2,1,2,4,4,6,4,10,2,0
18.554836940781332,102.93224410520182,1,4,2,1,3,4,0,4,3,10,1,0
18.593374666470066,103.04812677685324,1,3,1,1,4,3,0,4,2,40,1,0
18.650507518540064,103.1079545747756,1,2,2,1,2,2,4,4,3,10,2,0
18.706292897683888,103.1020256939004,2,3,2,1,0,1,2,4,2,10,2,0
18.57693549677068,102.98722100058993,1,4,0,1,2,0,3,4,0,10,1,0
18.71922863777521,103.07804067581442,3,4,1,1,2,4,1,4,2,10,2,0
18.595800117737188,103.01039753492022,1,2,4,1,1,3,2,4,2,10,1,0
18.703058962661057,103.10013923180377,2,3,2,1,0,1,2,4,2,10,2,0
18.685541814620727,102.98102262512953,4,4,2,1,3,2,3,4,4,10,2,0
18.692818168422093,103.11199699355411,1,3,3,1,3,2,2,4,3,10,2,0
18.72758296991752,103.05809807650697,2,3,2,1,2,4,1,4,4,10,2,0
18.594722139396243,103.04839627143848,1,3,1,1,4,3,2,4,2,40,1,0
18.647812572687705,102.91014554921249,1,1,3,1,1,1,0,4,1,10,1,0
18.712491273144312,103.06914735450164,3,2,2,1,0,1,3,4,4,10,2,0
18.689045244228797,103.10148670472994,1,3,3,1,3,2,2,4,3,10,2,0
18.696052103444924,103.0734592678654,0,1,2,1,0,1,0,4,0,10,2,0
18.55510643536657,103.13005313076494,2,4,3,1,1,1,2,4,3,10,1,0
18.599842536515723,103.11657840150316,2,2,3,1,1,3,0,4,3,10,1,0
18.708448854365773,103.0613320115298,2,4,1,1,0,1,3,4,1,10,2,0
18.66209578570521,103.12466323906024,2,2,2,1,3,3,3,4,2,10,2,0
18.706292897683888,103.08423905127484,2,4,3,1,0,1,3,7,4,10,2,0
18.68715878213214,102.97967515220331,4,4,2,1,3,2,4,4,4,10,2,0
18.56103531624176,103.0869339971272,0,0,1,1,1,1,1,4,1,10,1,0
18.55618441370752,103.13005313076494,2,4,3,1,1,1,2,4,3,10,1,0
18.654549937318603,102.92362027847427,1,1,2,1,1,0,1,4,2,10,2,0
18.696052103444924,103.1184648635998,2,1,1,1,0,1,2,4,3,10,2,0
18.68392484710931,103.10741558560512,1,4,1,1,3,2,3,4,3,10,2,0
18.69308766300733,103.1268191957421,2,1,1,1,3,2,3,4,4,10,2,0
18.711413294803368,103.11523092857696,3,3,1,1,0,1,2,4,1,10,2,0
18.593105171884822,103.11118850979842,2,0,3,1,4,3,2,4,3,10,1,0
18.6364938001078,103.13975493583342,2,3,3,1,2,2,4,4,3,30,1,0
18.6507770131253,103.1079545747756,1,2,2,1,2,2,4,4,0,10,2,0
18.718689648604737,103.08208309459296,3,2,2,2,2,4,1,4,4,10,2,0
18.65401094814813,102.90583363584872,2,2,3,1,3,4,0,4,1,10,2,0
18.70871834895101,103.06160150611504,2,4,1,1,0,1,3,4,1,10,2,0
18.65805336692667,102.91364897882056,2,3,3,1,1,0,4,4,1,10,2,0
18.5545674461961,102.92927966476422,1,4,2,1,3,4,0,4,0,10,1,0
18.677726471648885,103.0012347190222,2,2,2,1,3,2,1,4,3,10,2,0
18.62355806001648,103.10876305853132,2,1,0,1,1,4,4,4,2,10,1,0
18.716803186508084,103.12277677696356,3,3,3,1,0,1,4,4,3,10,2,0
18.697938565541577,103.08208309459296,1,3,2,1,0,1,4,4,4,10,2,0
18.63460733801115,103.07750168664394,0,3,3,1,2,2,1,4,1,10,1,0
18.61493423328893,102.9734767767429,1,1,1,1,1,4,3,4,4,10,1,0
18.689045244228797,103.08046612708154,1,3,2,1,3,2,4,4,4,10,2,0
18.68392484710931,103.1012172101447,1,3,3,1,3,2,3,4,3,10,2,0
18.684194341694543,103.1268191957421,2,2,0,1,3,2,4,4,4,10,2,0
18.5936441610553,103.06321847362643,1,3,2,1,4,3,1,4,3,10,1,0
18.63406834884068,103.100408726389,1,4,2,1,2,2,4,4,2,10,1,0
18.695782608859687,103.1125359827246,2,1,1,1,0,1,2,4,3,10,2,0
18.586098312668696,103.1394854412482,2,3,1,1,2,0,2,4,1,10,1,0
18.69308766300733,103.12654970115688,2,1,1,1,3,2,3,4,4,10,2,0
18.708448854365773,103.0696863436721,2,4,2,1,0,1,0,4,4,10,2,0
18.57855246428209,103.00392966487456,0,1,2,1,2,0,1,4,1,10,1,0
18.584211850572043,103.13140060369112,1,2,3,1,2,0,2,4,1,10,1,0
18.68527232003549,102.98156161429998,4,4,2,1,3,2,4,4,4,10,2,0
18.67476203121129,102.96997334713484,4,3,3,2,3,3,4,7,4,10,2,0
18.68850625505832,102.97590222801004,4,1,4,0,3,2,4,4,4,10,2,0
18.68500282545025,102.98102262512953,4,4,2,1,3,2,3,4,4,10,2,0
18.71114380021813,103.0680693761607,3,2,2,1,0,1,3,4,4,10,2,0
18.550255532832328,103.12789717408305,0,2,4,1,2,0,2,4,1,10,1,0
18.65670589400049,102.97832767927714,2,4,1,1,1,0,3,4,4,10,2,0
18.54998603824709,103.14191089251533,0,1,4,1,2,0,1,4,2,10,0,0
18.714916724411435,103.03411305842096,1,2,1,1,2,4,4,4,3,10,2,0
18.65131600229577,102.9133794842353,2,3,2,1,3,4,0,4,1,10,2,0
18.706292897683888,103.05998453860362,2,4,1,1,0,1,3,4,1,10,2,0
18.65023802395483,103.1079545747756,1,2,2,1,2,2,4,4,3,10,2,0
18.67287556911464,102.94652731821932,3,1,2,1,3,3,1,4,2,10,2,0
18.70278946807582,103.06106251694456,2,4,1,1,0,1,1,4,1,10,2,0
18.62301907084601,102.94922226407168,1,1,3,1,1,4,2,4,2,10,1,0
18.594452644811007,103.04839627143848,1,3,1,1,4,3,2,4,2,40,1,0
18.59148820437341,102.98964645185706,2,3,3,2,4,3,0,4,2,10,1,0
18.577204991355917,102.97159031464624,2,3,0,1,2,0,2,4,2,10,1,0
18.66209578570521,102.8907419390755,2,4,2,1,1,0,3,4,1,10,2,0
18.72246257279804,103.07884915957013,3,2,2,1,2,4,1,4,2,10,2,0
18.54998603824709,103.12762767949782,0,2,4,1,2,0,2,4,1,10,0,0
18.551064016588036,102.9268542134971,1,4,2,1,3,4,3,4,0,10,1,0
18.580438926378744,103.00258219194838,1,3,2,1,2,0,1,4,1,10,1,0
18.590410226032468,102.98937695727182,2,3,3,2,4,3,0,4,2,10,1,0
18.603884955294262,103.0389639609552,1,2,3,1,1,3,4,4,2,10,1,0
18.605771417390912,103.09016793215002,1,4,2,1,1,3,1,4,2,10,1,0
18.72030661611615,103.08639500795672,3,2,2,2,2,4,1,4,4,10,2,0
18.56696419711695,103.11415295023602,2,2,0,1,2,0,0,4,2,10,1,0
18.70575390851341,103.08450854586007,2,0,3,1,0,1,3,7,4,10,2,0
18.593105171884822,103.11738688525884,2,2,3,1,4,3,1,4,3,10,1,0
18.592027193543885,103.0508217227056,1,3,1,1,4,3,3,4,2,40,1,0
18.717611670263796,103.07965764332585,3,4,1,1,2,4,1,4,4,10,2,0
18.578013475111614,102.97159031464624,2,3,0,1,2,0,2,4,2,10,1,0
18.7184201540195,103.0823525891782,3,2,2,2,2,4,1,4,4,10,2,0
18.675840009552235,102.81016305808996,3,4,3,1,0,4,3,4,0,10,0,0
18.66452123697233,102.9441018669522,3,1,2,1,3,3,1,4,4,10,2,0
18.57828296969685,103.07831017039965,1,2,0,1,2,0,2,4,3,10,1,0
18.71222177855908,103.07561522454728,2,4,3,1,0,1,1,4,4,10,2,0
18.663982247801854,103.07884915957013,1,2,3,1,3,3,3,4,1,10,2,0
18.71437773524096,103.09313237258762,2,2,2,1,0,1,2,4,3,10,2,0
18.703328457246293,103.13113110910588,2,1,1,1,0,1,2,4,3,10,2,0
18.716264197337612,103.12789717408305,3,3,3,1,0,1,4,4,4,10,2,0
18.5507945220028,103.11873435818504,1,2,2,1,1,1,0,4,1,10,1,0
18.7071013814396,103.0944798455138,2,0,3,1,0,1,2,4,3,10,2,0
18.64727358351724,102.90987605462723,1,1,3,1,1,1,0,4,1,10,1,0
18.713569251485257,103.06860836533116,3,2,2,1,0,1,3,4,4,10,2,0
18.692279179251624,103.1268191957421,2,1,1,1,3,2,3,4,4,10,2,0
18.653471958977654,103.11576991774744,1,2,2,1,1,0,4,4,0,10,2,0
18.68527232003549,103.09852226429234,0,2,2,1,3,2,2,4,4,10,2,0
18.684194341694543,102.99180240853894,3,3,3,1,3,2,1,7,4,10,2,0
18.659670334438083,102.91445746257624,2,3,3,1,1,0,4,4,1,10,2,0
18.68635029837644,102.98668201141946,3,3,1,1,3,2,4,7,4,10,2,0
18.708448854365773,103.06106251694456,2,4,1,1,0,1,3,4,1,10,2,0
18.71734217567856,103.12816666866829,3,3,3,1,0,1,4,4,4,10,2,0
18.64808206727294,102.93386107271324,1,1,2,1,2,2,4,4,2,10,1,0
18.65374145356289,103.11576991774744,1,2,2,1,1,0,4,4,0,10,2,0
18.71788116484903,103.12816666866829,3,3,3,1,0,1,4,4,4,10,2,0
18.6507770131253,103.12951414159448,1,3,2,1,2,2,3,4,2,10,2,0
18.68284686876837,103.10094771555949,0,1,2,1,3,2,3,4,3,10,2,0
18.68500282545025,102.98048363595905,4,4,2,1,3,2,3,4,4,10,2,0
18.721923583627568,103.06402695738215,2,2,2,1,2,4,1,4,3,10,2,0
18.66209578570521,102.94221540485556,3,2,2,1,1,0,2,4,4,10,2,0
18.558879359559874,103.09340186717286,2,4,3,1,1,1,3,4,1,10,1,0
18.70898784353625,103.07804067581442,2,4,3,1,0,1,1,7,4,10,2,0
18.58582881808346,103.13705998998108,2,3,1,1,2,0,2,4,1,10,1,0
18.58717629100964,102.99180240853894,1,4,0,1,4,3,0,4,0,10,1,0
18.71276076772955,103.0373469934438,1,1,3,1,0,1,1,4,3,10,2,0
18.6507770131253,102.9133794842353,2,3,2,1,1,1,0,4,1,10,2,0
18.742944161275965,103.1171173906736,3,1,3,1,2,4,3,4,3,10,2,0
18.64942954019912,102.9125710004796,2,3,2,1,1,1,0,4,1,10,1,0
18.685541814620727,103.09232388883191,0,2,2,1,3,2,0,4,4,10,2,0
18.686889287546904,102.97994464678855,4,4,2,1,3,2,4,4,4,10,2,0
18.550255532832328,103.11091901521318,0,1,2,1,2,0,0,4,1,10,1,0
18.651854991466244,103.09690529678092,0,1,3,2,1,0,1,4,2,40,2,0
18.67988242833077,102.9923413977094,2,2,2,1,3,2,1,7,3,10,2,0
18.728121959087996,103.0621404952855,3,1,2,1,2,4,1,6,4,10,2,0
18.699286038467758,103.12762767949782,2,1,1,1,0,1,4,4,4,10,2,0
18.549177554491383,103.00554663238596,0,0,1,1,2,0,1,4,0,10,0,0
18.720576110701387,103.0726507841097,3,2,2,1,2,4,4,4,3,10,2,0
18.67045011784752,102.97105132547578,3,4,1,1,3,3,4,7,4,10,2,0
18.586906796424405,103.14218038710057,2,3,1,1,2,0,0,4,4,10,1,0
18.554297951610863,103.1297836361797,2,4,3,1,1,1,2,4,3,10,1,0
18.70683188685436,103.06941684908686,2,4,2,1,0,1,0,4,4,10,2,0
18.62733098420978,102.97159031464624,1,0,4,1,1,4,3,4,3,10,1,0
18.706562392269124,103.08423905127484,2,4,3,1,0,1,3,7,4,10,2,0
18.704136941002,103.100408726389,2,3,2,1,0,1,2,4,2,10,2,0
18.70548441392818,103.0696863436721,2,4,2,1,0,1,0,4,4,10,2,0
18.64862105644341,102.9087980762863,1,1,3,1,1,1,0,4,1,10,1,0
18.65023802395483,102.9772497009362,1,2,3,1,2,2,0,4,2,10,2,0
18.69120120091068,103.08073562166678,1,3,2,1,3,2,4,4,4,10,2,0
18.65401094814813,103.11819536901456,2,3,3,1,1,0,3,4,2,10,2,0
18.612778276607045,103.04974374436463,1,1,1,1,1,3,3,4,3,10,1,0
18.65212448605148,102.97994464678855,1,2,3,1,1,0,3,4,4,10,2,0
18.72785246450276,103.0583675710922,2,3,2,1,2,4,1,4,4,10,2,0
18.715725208167143,103.03977244471092,2,4,3,1,2,4,3,4,3,10,2,0
18.685811309205963,102.99180240853894,3,3,1,1,3,2,4,7,4,10,2,0
18.601190009441904,103.03060962881293,1,3,1,1,1,3,2,4,3,10,1,0
18.67449253662605,102.96997334713484,4,3,3,2,3,3,4,7,4,10,2,0
18.65239398063672,102.91661341925814,2,3,2,1,3,4,0,4,1,10,2,0
18.70683188685436,103.07615421371776,2,4,3,1,0,1,1,4,4,10,2,0
