North,East,flood,aspect,curvature,dtr,elevation,Lulc,ndvi,rainfall,slope,Soil,spi,twi
2014696.567,228121.3847,1,5,2,9,1,1,9,6,2,3,2,5
2021792.46,226978.2026,1,3,3,9,1,1,9,5,1,1,1,9
2012204.256,227961.5725,1,5,3,9,1,7,10,5,2,5,1,5
2019624.044,214059.5284,0,2,3,10,2,1,10,5,2,8,1,5
2024482.984,253833.8091,1,3,2,5,1,1,9,5,2,2,2,8
2011561.47,250930.9062,1,1,3,1,1,2,8,5,3,3,2,4
2023688.874,236773.5908,1,2,3,1,1,7,4,5,2,5,3,5
2005128.208,251492.1147,1,4,1,5,1,7,6,4,1,2,4,7
2021406.13,254256.0327,1,1,2,6,1,4,9,5,1,2,1,10
2009086.745,247345.6563,1,3,3,2,1,7,7,5,1,3,1,7
2025240.218,240171.8951,1,8,3,3,1,2,8,5,1,5,1,9
2008026.19,244598.4954,1,7,3,5,1,2,9,4,1,1,2,9
2015841.107,233939.1411,1,9,1,7,1,1,9,6,1,2,2,8
2024337.614,241955.8113,1,9,2,1,1,4,3,5,2,6,5,9
2007658.761,248408.6805,1,8,1,2,1,4,7,4,1,1,1,8
2016984.109,240659.0387,1,6,1,3,1,5,7,6,1,1,3,9
2015269.675,247666.9622,1,1,2,1,1,1,2,5,1,5,10,10
2011966.804,233799.382,1,9,3,8,1,7,6,5,1,7,1,8
2009498.344,241399.1896,1,5,1,7,1,7,7,4,1,3,3,9
2008910.242,254439.2245,1,5,2,2,1,2,6,5,1,3,8,7
2005551.863,255529.3365,1,8,2,4,1,5,7,4,1,2,1,7
2019425.558,236986.4572,1,3,1,4,1,2,7,5,1,2,1,6
2018396.917,251368.1774,1,4,3,3,1,5,7,5,1,1,3,9
2007466.459,243265.4453,1,2,1,6,1,1,8,4,1,4,2,7
2022490.477,239696.3124,1,5,3,2,1,2,8,5,1,2,1,9
2012275.736,239326.4308,1,4,3,6,1,5,6,4,1,3,1,7
2025231.579,233041.896,1,7,3,5,1,5,6,5,1,1,2,9
2002902.51,249573.173,1,3,1,5,1,1,6,4,1,2,1,8
2022077.254,248010.9856,1,1,2,2,1,5,6,5,1,2,3,9
2023396.997,243539.8008,1,8,2,4,1,5,7,5,1,4,3,9
1999966.388,245416.819,1,2,1,7,1,5,7,4,2,7,1,5
2013854.515,275820.0213,1,3,2,4,1,7,5,7,2,1,2,7
2023344.398,260703.5291,1,2,3,7,1,5,6,6,1,2,1,6
2022391.912,260486.3907,1,3,2,7,1,2,6,5,1,1,2,9
2016657.185,281739.6471,1,7,1,5,1,1,10,8,4,2,8,8
2008440.584,279694.0396,1,4,2,5,1,5,7,6,2,3,6,9
2002559.784,264129.2293,1,3,1,6,1,5,8,4,1,2,2,9
2007510.999,265400.4327,1,6,1,2,1,7,9,4,2,7,2,5
2010404.88,284208.7176,1,8,3,3,1,1,7,7,1,2,2,7
2012670.535,286258.526,1,7,1,2,1,2,6,8,2,3,10,10
2008543.099,289102.564,1,7,3,3,1,1,6,6,1,1,3,10
2002311.99,286404.3181,1,2,1,6,1,5,6,6,1,3,3,9
2042079.656,230398.5007,1,2,3,8,1,5,7,6,1,3,2,7
2036996.982,231080.2022,1,7,3,8,1,5,7,5,1,4,1,7
2045070.548,229383.4738,1,5,3,8,1,5,7,6,1,3,10,10
2027500.99,231062.0307,1,3,1,7,1,2,5,5,1,1,1,8
2038858.144,224451.5542,1,1,2,10,1,6,6,6,1,2,10,10
2046691.153,219408.0679,0,5,2,10,2,1,9,7,4,1,7,8
2048523.182,229357.0134,1,3,3,7,1,5,5,6,1,1,1,9
2026399.195,250634.3723,1,4,3,1,1,5,5,5,1,4,1,7
2028359.227,252947.048,1,2,1,2,1,2,6,5,1,2,3,9
2028499.796,249668.0582,1,7,1,4,1,5,6,5,1,2,1,7
2042857.738,234204.2288,1,5,2,6,1,2,6,6,2,3,2,6
2032712.804,247273.4503,1,3,3,5,1,5,9,5,1,7,1,8
2048744.378,245355.4634,1,7,3,4,1,1,10,6,4,2,2,3
2048339.853,235447.3548,1,4,3,4,1,1,7,6,1,3,1,9
2030089.061,248118.526,1,8,1,6,1,5,7,5,2,3,1,7
2048238.457,257263.4938,1,9,3,6,2,1,9,6,5,1,8,7
2026605.77,247492.3489,1,10,1,4,1,2,9,5,1,3,1,9
2027189.347,251672.546,1,7,3,1,1,5,6,5,1,2,1,7
2043293.497,246274.9015,1,6,1,7,2,1,9,6,7,2,7,3
2039248.29,236570.9185,1,4,3,5,1,5,7,5,1,2,1,7
2046134.643,251016.1753,1,9,3,6,1,7,3,7,1,5,1,7
2030991.922,241871.4934,1,4,3,3,1,1,7,5,1,4,3,9
2033798.98,243540.0979,1,4,3,2,1,5,6,5,2,1,9,10
2031170.07,239346.4614,1,5,1,3,1,5,9,5,1,2,2,9
2032458.185,235304.3431,1,7,3,6,1,5,7,5,1,2,10,10
2050099.839,249816.501,1,5,3,4,1,7,10,6,3,5,2,4
2034314.239,255398.6693,1,4,3,5,2,1,10,6,2,2,1,6
2034937.087,237852.5207,1,3,2,4,1,2,7,5,2,1,3,9
2041482.138,239783.2057,1,7,3,2,1,7,7,5,3,2,4,7
2047958.554,240445.2129,1,5,3,4,2,1,9,6,2,1,1,6
2041101.64,249967.1906,1,4,1,6,1,7,4,7,2,2,1,5
2031088.235,243238.1471,1,1,2,1,1,4,2,5,1,3,2,10
2039873.06,234802.2967,1,9,1,6,1,5,5,6,1,2,3,9
2040144.157,242854.6539,1,1,1,5,1,6,10,6,2,2,8,9
2046125.052,244708.0811,1,1,2,6,1,7,2,6,1,5,1,10
2027713.733,242873.2113,1,2,3,2,1,2,8,5,1,1,1,8
2044874.202,257566.3135,0,9,3,4,4,1,8,7,10,1,10,9
2029158.319,240283.7463,1,1,2,1,1,2,3,5,1,4,1,10
2049385.459,268815.3792,0,9,1,9,3,1,6,7,10,1,8,2
2045708.624,259052.1195,0,8,1,5,8,1,8,7,11,1,10,4
2074947.661,195081.2683,0,9,3,3,3,1,5,8,11,2,9,2
2070199.029,197532.3793,0,8,1,4,2,1,5,8,11,4,10,4
2069339.359,187416.0769,0,2,1,9,2,3,9,7,10,1,8,3
2068244.832,183842.5573,0,5,1,10,2,1,10,7,2,1,10,10
2071988.358,185607.387,0,5,2,9,3,1,10,7,3,1,8,9
2058191.718,191996.7031,0,2,1,10,2,1,10,7,3,1,2,8
2060559.137,199843.4247,0,5,3,8,2,1,10,8,7,2,7,3
2066243.992,186840.1317,0,3,3,9,1,1,8,7,10,1,10,8
2065378.963,190602.2863,0,4,3,9,2,5,9,7,10,3,9,3
2058402.704,182033.5087,0,2,2,10,1,2,8,6,3,3,3,3
2051697.626,181042.1966,0,9,1,10,2,1,5,6,11,2,9,2
2063706.224,201009.2812,0,5,3,7,2,1,10,9,4,1,3,3
2062807.098,217993.8287,1,4,1,1,1,5,5,8,3,1,2,4
2063565.765,214698.2174,1,7,2,1,1,4,4,9,2,1,10,9
2062306.415,216199.9944,1,7,1,3,1,1,8,8,1,1,9,9
2062006.545,210568.5196,1,8,2,1,1,2,6,8,2,1,1,5
2052662.339,231795.4442,1,5,1,4,1,1,10,6,1,1,3,9
2076503.418,208443.8878,0,7,2,7,2,1,9,10,10,3,7,2
2076542.104,212801.5478,0,9,1,8,1,1,5,10,11,4,9,2
2058918.548,229925.4435,1,8,3,1,1,5,8,8,5,2,2,3
2060178.363,224935.3649,1,10,1,1,1,2,7,9,3,5,5,6
2055611.254,236510.2591,1,8,3,1,1,2,8,7,2,1,10,5
2063389.611,253341.1401,1,3,2,5,2,6,10,8,2,5,6,7
2071522.563,241227.4303,1,3,2,8,1,1,9,8,2,5,2,7
2068145.745,245246.8324,1,5,2,9,1,1,9,8,4,5,9,8
2061871.063,235729.825,1,10,3,6,1,1,9,8,5,1,7,5
2073710.345,242031.4372,1,5,3,7,1,1,10,9,5,3,3,3
2073214.536,240238.5136,1,8,3,7,1,7,9,9,3,5,1,5
2069150.385,241829.2251,1,4,1,9,1,7,4,8,3,5,6,7
2067333.994,246596.9798,1,9,3,9,1,1,4,7,1,5,9,10
2072805.212,239000.8209,1,9,1,7,1,7,3,9,2,5,9,10
2057033.316,243646.1681,1,1,2,7,1,7,2,6,1,5,1,10
2062242.604,246210.2959,1,5,2,8,1,7,5,7,1,3,5,7
2060431.801,245762.5603,1,10,1,8,1,1,10,7,2,3,5,5
2056740.725,236756.621,1,7,1,1,1,2,7,7,3,1,2,5
2063457.394,256938.6124,1,1,2,2,1,7,2,8,1,5,1,10
2071541.048,244379.0421,1,9,1,9,1,7,8,8,5,3,4,3
2070040.441,237160.2329,1,10,3,8,1,1,10,9,2,5,2,6
2059568.113,242355.3498,1,1,2,7,1,7,2,7,1,5,3,10
2062381.783,250030.3041,1,1,2,6,1,7,2,7,1,5,2,10
2054548.375,257445.747,1,2,3,6,1,7,8,6,1,5,1,6
2055577.992,247229.149,1,9,3,5,1,1,10,6,3,3,2,4
2074169.196,238749.8016,1,1,1,6,1,7,5,9,2,5,2,6
2064219.841,238302.056,1,3,1,7,2,1,10,8,6,1,10,9
2051869.623,242197.292,1,1,2,3,1,7,2,6,1,5,2,10
2064715.74,244919.0707,1,2,3,9,1,1,10,8,1,3,1,6
2067864.907,238549.3239,1,1,2,9,1,7,2,9,1,5,1,10
2061080.807,244007.7709,1,1,2,8,1,7,2,7,1,5,1,10
2074515.998,240191.6002,1,7,1,6,1,7,4,9,1,5,5,9
2072901.502,255288.9722,0,9,3,8,6,1,7,8,10,2,9,3
2071660.351,254551.2814,0,7,3,8,7,1,8,8,10,2,5,2
2069882.08,255269.7584,0,4,3,7,7,1,8,8,10,2,8,2
2066002.121,261603.8286,1,5,3,2,1,1,4,7,1,2,1,9
2070567.7,265067.1347,1,8,1,1,1,7,9,7,4,2,4,9
2053693.13,278578.0638,1,1,1,4,3,1,9,7,6,3,8,6
2055036.387,266768.7843,1,7,1,9,2,1,10,6,5,5,6,5
2054120.417,262995.9235,1,7,1,9,1,4,7,6,2,5,4,8
2068226.724,262751.3814,1,1,2,2,1,7,3,8,1,5,1,10
2059265.907,260314.5763,1,9,1,6,2,2,7,7,5,2,8,4
2052425.195,263277.7259,1,4,2,9,1,7,10,7,4,5,5,4
2076411.317,262651.4933,0,1,3,5,6,1,7,8,10,2,10,2
2071965.381,263814.8005,0,5,1,4,4,1,10,8,9,5,10,5
2071645.341,276813.0691,0,9,1,4,6,1,6,7,10,2,9,2
2072029.925,274804.2123,0,8,1,3,5,1,8,7,11,2,10,3
2069083.344,267319.734,0,8,2,4,5,1,9,7,10,2,10,9
2066961.598,281901.2047,0,6,2,7,9,1,9,7,10,2,9,3
2067001.63,274008.0515,0,4,1,4,8,1,10,7,10,2,7,3
2066822.316,269913.3737,0,5,3,6,8,1,9,7,10,2,5,2
2067016.963,277471.2219,0,3,1,4,8,1,10,7,10,2,8,3
2066632.424,272325.0737,0,6,1,5,8,1,9,7,10,2,10,4
2065949.495,267991.4397,0,7,3,6,5,1,10,7,3,2,9,9
2064534.623,279828.3502,0,6,1,7,4,1,8,7,10,2,10,4
2062109.646,266388.7904,0,7,1,7,4,1,8,7,10,2,10,5
2061121.424,268502.0236,0,3,3,8,5,1,10,7,10,2,9,3
2059717.741,263000.807,0,10,3,7,4,1,8,7,10,2,9,4
2075767.157,268131.3238,0,10,1,4,4,1,10,7,3,2,2,5
2067072.985,287157.1311,0,5,1,7,5,1,10,7,10,2,9,3
2067214.122,288831.417,0,7,3,7,6,1,10,6,10,2,8,4
2069509.118,285863.5918,0,9,3,5,6,1,9,7,3,1,3,4
2066797.456,292858.921,0,3,1,5,7,1,10,7,11,2,10,5
2066100.167,284026.222,0,6,1,7,8,1,10,7,10,2,10,2
2065596.446,286223.4727,0,3,1,7,7,1,10,7,10,2,9,2
2058984.755,289983.2524,0,7,2,5,3,1,10,6,3,1,2,4
2090701.793,202947.1566,0,4,2,6,2,7,8,9,10,3,6,3
2078550.133,198441.9756,0,9,3,3,5,1,5,9,10,4,9,3
2077082.551,191667.4767,0,1,1,6,2,1,6,7,4,1,5,5
2100080.076,205243.6599,0,10,3,6,3,1,9,9,2,2,3,6
2084932.922,229187.6554,1,4,1,1,1,1,5,10,3,1,10,10
2092559.3,231838.6763,1,10,2,2,1,2,7,10,1,1,5,8
2094886.352,230973.2478,1,9,1,1,1,4,8,10,1,3,10,9
2086586.424,231061.2111,1,2,2,1,1,7,5,10,1,3,10,8
2092199.543,231275.4316,1,7,3,1,1,5,4,10,1,2,2,10
2096777.669,230149.7931,1,9,3,1,1,1,4,10,2,3,1,9
2094438.574,230478.1835,1,3,1,2,1,5,7,10,1,3,1,9
2093713.23,230084.4965,1,8,1,2,1,5,7,10,1,2,2,8
2089730.051,228803.5478,1,2,2,4,1,1,9,10,2,2,2,6
2093404.085,231225.1658,1,4,3,2,1,2,7,10,1,2,1,6
2090481.597,230946.6769,1,8,3,2,1,2,6,10,1,1,6,9
2089807.21,231215.1913,1,8,3,3,1,2,6,10,1,1,1,8
2090278.452,231790.8623,1,9,2,3,1,2,7,10,1,1,5,10
2092722.596,230918.0724,1,5,2,2,1,5,7,10,2,2,2,7
2086160.463,230288.229,1,2,3,1,1,1,7,10,2,1,10,9
2090970.335,231166.137,1,2,3,1,1,7,7,10,2,1,3,8
2089476.993,232178.0729,1,7,1,3,1,2,6,10,1,1,1,10
2086232.576,232129.0117,1,10,3,1,1,2,6,10,1,3,1,9
2091546.648,231349.5817,1,10,1,1,1,2,6,10,1,1,2,10
2089073.572,231451.7828,1,10,1,4,1,5,8,10,1,1,2,8
2085555.274,230020.0304,1,6,2,1,1,7,4,10,5,1,5,3
2089587.886,231774.2193,1,8,3,3,1,2,6,10,1,1,3,9
2084436.642,228293.4172,1,5,1,1,1,1,4,10,1,1,1,7
2090747.834,229942.7145,1,4,1,3,1,5,8,10,2,2,2,7
2090451.054,229113.9869,1,10,3,4,1,5,6,10,1,1,1,7
2089753.366,230361.0387,1,3,3,3,1,2,8,10,2,1,1,7
2089399.516,230731.4045,1,4,3,4,1,5,6,10,1,1,3,9
2086273.132,230664.8541,1,3,3,1,1,1,8,10,3,1,2,4
2089699.975,229912.0125,1,3,1,4,1,2,7,10,1,1,1,10
2095198.462,231361.8223,1,8,3,2,1,4,7,10,2,2,2,7
2100885.24,218081.9035,0,3,3,9,2,5,10,10,11,2,9,2
2100598.523,220033.785,0,4,1,8,4,1,10,10,10,2,6,2
2089047.093,213599.6153,0,6,1,10,2,1,10,10,5,2,10,3
2099797.709,229590.4039,0,1,1,2,3,1,7,10,10,2,10,7
2098639.569,222939.7987,0,2,1,7,5,1,10,10,10,2,9,6
2099355.149,209064.4965,0,5,3,8,2,1,10,9,6,2,7,4
2098795.045,220613.5972,0,9,3,8,3,1,7,10,10,2,6,2
2097335.004,225005.3372,0,5,3,6,5,1,10,10,10,2,10,6
2097655.287,227078.5102,0,4,1,5,4,1,10,10,11,2,10,2
2097401.209,228830.5278,0,8,1,3,2,1,7,10,10,2,9,4
2097087.5,221676.1671,0,7,1,8,2,2,10,10,10,2,10,5
2097805.474,226021.6914,0,9,1,5,5,1,5,10,11,2,9,2
2097736.654,229844.2521,0,5,2,2,3,1,9,10,10,2,8,2
2095892.63,219407.3184,0,2,3,9,4,1,8,10,11,1,7,2
2095528.275,225432.0505,0,6,3,6,3,1,9,10,10,2,9,4
2095377.542,218157.4296,0,5,1,9,5,1,10,10,11,1,10,2
2095100.887,229686.2175,0,2,3,3,2,1,9,10,10,2,5,4
2094433.083,219948.9478,0,3,1,9,5,1,9,10,10,1,9,3
2094288.966,226614.1627,0,7,1,6,2,1,8,10,10,2,9,2
2093604.655,219306.3763,0,9,3,9,6,3,5,10,10,1,5,2
2092573.348,228802.6328,0,1,3,4,2,1,8,10,10,1,7,2
2092276.657,220782.5873,0,2,3,9,3,1,9,10,10,1,8,2
2091191.766,229428.8434,0,5,3,3,2,1,8,10,11,1,9,2
2090852.186,221182.4927,0,1,1,8,2,1,8,10,10,2,10,5
2089686.268,223594.1758,0,9,1,7,4,1,7,10,10,3,7,2
2089506.148,224642.1566,0,1,1,7,2,1,5,10,10,3,9,3
2089601.08,222959.6303,0,6,3,7,3,1,7,10,11,3,9,2
2088072.099,209356.7542,0,5,3,9,2,1,10,10,5,2,7,6
2088491.326,227953.4747,0,1,2,5,3,1,8,10,10,3,9,3
2080071.168,212554.4211,0,1,3,9,4,1,7,10,11,2,9,2
2078012.433,215069.6757,0,3,3,7,3,1,9,10,10,2,5,2
2082323.257,217501.4323,0,1,3,8,2,1,9,10,4,3,5,3
2078873.355,218574.2646,0,7,3,7,1,5,6,10,1,3,7,6
2096756.51,223519.4916,0,6,1,7,3,1,9,10,8,2,10,9
2090990.869,211655.2866,0,4,1,9,3,1,10,10,4,2,3,9
2086093.708,232442.663,1,3,1,1,1,2,4,10,1,3,1,8
2086468.719,235070.0898,1,10,1,1,1,5,9,10,1,3,1,7
2091743.629,232522.1872,1,7,3,2,1,4,7,10,1,1,1,7
2086756.824,235860.4944,1,5,1,3,1,2,7,10,2,1,8,10
2086179.649,236344.6246,1,2,1,3,1,6,9,10,2,1,10,7
2085989.374,235328.19,1,8,2,1,1,1,7,10,2,3,3,9
2088260.47,234472.6819,1,2,3,1,1,2,6,10,2,1,10,10
2088459.589,235131.0979,1,10,3,2,1,2,9,10,1,1,1,7
2087919.017,235522.4889,1,8,1,2,1,2,5,10,2,1,6,8
2089137.275,233464.5946,1,1,2,1,1,2,7,10,1,1,1,10
2090316.899,233123.2485,1,4,3,1,1,5,8,10,1,1,5,8
2087831.705,235981.8911,1,5,1,3,1,2,6,10,2,1,3,8
2085408.516,234435.1705,1,6,3,1,1,1,6,10,2,3,9,6
2091074.389,232266.9083,1,7,3,1,1,5,5,10,1,1,5,9
2087111.286,235513.375,1,5,2,2,1,1,9,10,2,1,2,8
2087721.501,234907.2519,1,5,1,1,1,1,5,10,2,1,10,10
2090851.969,232966.1166,1,9,1,1,1,5,4,10,1,1,3,9
2076833.567,240357.5495,1,9,3,5,1,5,9,9,1,3,1,7
2077607.27,237030.2999,1,5,2,3,1,1,10,9,2,5,2,6
2079556.83,234998.6748,1,7,1,2,1,7,6,10,1,1,1,9
2093633.9,254267.2348,1,2,1,9,2,7,5,7,2,2,5,8
2087345.363,234086.8409,0,5,1,3,2,1,10,10,10,3,9,3
2078757.235,254726.4611,0,8,1,9,6,1,7,8,10,2,10,4
2077675.67,257244.8288,0,9,1,8,8,1,7,8,11,2,9,2
2094299.303,237446.5021,0,8,1,6,4,1,9,10,8,1,9,5
2094395.775,242479.142,0,3,1,9,3,1,10,9,4,1,10,10
2098912.95,253857.2021,1,3,2,9,2,7,9,7,2,2,3,7
2086133.204,254012.3145,1,4,1,8,2,1,5,8,4,5,9,9
2092882.698,260816.4985,1,9,3,5,2,7,3,6,1,3,10,10
2088497.034,276846.0519,1,2,2,2,3,3,7,6,6,3,9,6
2095993.115,265123.7946,1,4,1,2,2,7,3,5,3,2,5,4
2094478.034,261464.7694,1,2,3,5,2,7,2,6,6,3,2,3
2084122.766,263455.595,1,4,3,1,2,7,4,7,7,2,5,2
2083042.906,264689.2724,1,7,1,1,1,7,3,7,2,2,10,10
2084986.125,268897.4346,1,6,1,1,2,7,3,6,2,3,3,5
2101598.974,275560.9993,0,8,1,3,4,1,7,4,10,1,10,9
2078905.798,262619.1747,0,5,3,5,5,1,10,8,10,2,6,2
2076834.085,261451.3961,0,1,1,5,5,1,8,8,11,2,10,2
2083373.338,277881.6498,0,9,1,2,4,1,10,6,3,2,9,9
2094675.734,257927.9561,1,9,1,7,2,7,3,7,1,3,8,10
2092227.985,268282.6529,1,6,1,2,2,7,3,6,4,2,8,8
2086799.052,265732.7568,1,4,1,2,2,1,4,6,3,2,10,9
2078188.423,265316.6016,1,1,1,2,2,7,5,7,4,2,7,6
2099631.251,296231.2986,0,9,1,3,8,1,7,3,11,1,10,3
2088222.519,291356.8551,0,7,3,2,5,1,9,4,3,2,3,5
2089814.259,286888.4335,0,8,3,3,8,1,8,5,11,1,6,2
2123305.275,203467.6942,0,10,3,5,4,1,5,5,11,2,10,3
2127896.183,201819.571,0,10,1,8,5,1,8,5,4,2,7,7
2121606.776,199655.6488,0,9,3,7,3,1,6,6,11,2,10,3
2119447.136,203859.4552,0,10,3,4,2,1,8,5,7,4,8,4
2120871.706,201306.3904,0,5,1,6,4,1,10,6,9,2,8,3
2117742.548,196612.757,0,4,3,7,3,1,10,6,10,1,8,2
2116764.986,195225.6932,0,3,3,6,4,1,10,6,11,1,7,2
2109578.365,202488.9481,0,8,3,5,4,1,9,7,7,1,3,4
2115510.256,199210.9342,0,2,3,4,3,1,6,6,10,2,9,3
2115791.795,193668.9641,0,5,3,6,7,1,9,5,10,1,10,8
2114389.948,193815.1878,0,4,1,5,3,1,10,5,10,1,8,5
2105895.028,199627.7586,0,2,3,5,3,1,10,8,5,1,3,3
2114063.472,191926.0525,0,6,1,6,4,1,9,5,10,1,10,7
2104933.217,230749.5646,1,1,1,2,1,5,6,9,2,2,2,7
2106589.379,229984.2317,1,2,3,1,1,2,6,9,2,2,1,8
2103130.8,230671.1533,1,2,3,2,1,5,7,9,2,2,1,5
2127248.784,218741.355,0,10,2,3,5,1,5,4,10,1,10,4
2124223.908,220367.7765,0,1,2,4,5,1,6,4,11,1,9,2
2123782.448,227677.1835,0,4,1,8,4,1,10,4,11,1,10,5
2125293.977,218404.7064,0,8,1,3,8,1,8,4,10,1,7,2
2122664.572,216344.6474,0,7,2,4,3,6,9,5,11,1,9,2
2122788.048,223091.5501,0,2,1,6,4,1,9,5,11,3,9,2
2119365.731,207471.5083,0,7,3,3,3,1,10,5,5,1,6,5
2121524.089,219980.7202,0,4,2,6,7,1,10,6,10,1,6,2
2122804.32,208466.7362,0,5,2,2,2,1,9,5,3,1,3,4
2121804.07,219190.3825,0,7,3,6,6,1,10,6,10,1,10,2
2119658.06,225927.8504,0,1,3,8,6,1,6,6,10,1,5,2
2119032.848,224338.9752,0,9,1,8,9,1,7,6,10,1,9,3
2117886.835,226934.3912,0,10,1,7,8,1,7,6,11,1,8,2
2117293.819,228601.2287,0,2,1,6,5,1,10,7,10,1,10,8
2116482.019,231881.7768,0,2,2,5,2,1,8,7,11,1,8,2
2116044.646,208190.9758,0,2,3,5,3,1,8,6,10,1,5,2
2115796.134,229635.7116,0,3,1,5,4,1,9,7,10,1,10,10
2115130.912,227901.9983,0,7,3,5,4,1,8,7,11,1,10,2
2113819.789,230003.1858,0,3,3,3,5,1,6,7,10,1,5,2
2113718.417,224066.2248,0,7,1,5,4,1,9,7,11,7,10,9
2112930.76,226109.5954,0,3,3,4,4,1,10,7,10,7,7,2
2112264.107,226993.7208,0,2,3,2,2,1,9,9,11,7,9,2
2111433.98,226159.3137,0,4,1,3,5,1,10,9,10,7,9,3
2112265.312,224773.386,0,7,1,5,7,1,8,9,11,7,8,2
2109377.907,227279.9358,0,1,1,4,3,1,9,8,10,7,7,2
2108235.114,228603.6234,0,2,3,2,2,1,9,8,10,1,5,2
2107191.201,226281.4521,0,5,3,5,5,1,9,9,11,7,9,3
2105287.67,229255.9377,0,3,3,2,2,1,8,9,10,2,10,9
2102673.616,228819.8974,0,3,1,3,4,3,10,10,11,2,10,3
2103395.829,228112.5517,0,7,3,4,5,1,9,9,10,2,5,2
2127009.241,239007.5,0,5,1,4,5,1,9,4,11,1,9,2
2125773.151,237398.21,0,7,1,4,4,1,10,4,10,1,9,2
2124850.73,236985.0126,0,10,1,4,6,1,7,4,11,1,9,2
2124628.726,246189.4695,0,8,1,6,5,1,9,4,10,1,10,7
2122917.068,233525.5753,0,3,1,6,5,1,10,4,11,1,10,2
2121597.997,234975.7269,0,3,1,5,5,1,10,6,10,1,10,7
2116630.596,238149.2588,0,3,3,2,3,1,10,6,10,1,7,2
2115418.12,251829.1561,0,2,3,7,10,1,7,4,9,1,3,2
2115599.54,249338.8073,0,8,1,5,8,1,10,5,10,1,5,2
2106835.411,232303.4339,0,8,3,4,2,2,9,9,5,1,5,4
2102514.562,262522.0534,1,4,1,7,2,1,10,5,8,2,9,3
2126034.43,269714.4479,0,8,1,2,4,7,7,3,11,1,8,2
2122017.36,270859.5006,0,6,1,2,4,1,8,3,11,1,9,2
2121772.124,270558.7463,0,3,2,2,3,1,10,3,10,1,10,8
2116493.444,275850.5529,0,5,1,3,5,1,7,3,11,1,10,2
2115743.439,257993.7278,0,2,3,8,7,1,9,4,10,2,5,2
2103411.059,283298.1172,0,1,1,5,5,1,7,4,10,1,10,6
2114045.864,259501.7792,1,7,3,7,5,1,4,4,1,2,1,7
2114348.523,265464.1476,1,3,2,3,5,1,1,3,3,1,3,3
2112701.263,287515.6467,0,4,3,2,4,1,10,3,11,1,9,2
2111997.13,291879.6238,0,7,3,4,5,1,10,3,10,1,9,2
2110866.036,288636.452,0,7,1,3,5,1,9,3,11,1,8,2
2109598.038,290990.8997,0,3,3,4,5,1,10,3,10,1,9,3
2107397.56,285837.4378,0,8,3,3,4,1,8,3,10,1,9,3
2106808.632,288720.9861,0,2,3,6,8,1,10,4,10,1,7,2
2106182.787,297785.8256,0,8,1,7,10,1,7,4,10,1,10,4
2105208.154,286064.1113,0,8,1,5,4,1,10,4,10,1,9,3
2104025.534,293119.4927,0,10,1,5,8,1,6,4,10,1,10,5
2106350.747,295966.443,0,7,3,6,5,1,9,4,10,1,5,5
2102377.39,296689.1459,0,7,2,4,9,1,10,4,10,1,10,2
2139269.855,222439.4937,0,4,3,3,4,1,10,3,10,1,9,2
2136236.804,221610.275,0,9,1,2,3,1,6,4,10,1,9,2
2137606.193,224649.2244,0,3,1,4,6,1,10,4,10,1,6,2
2134868.167,217329.5623,0,9,3,4,3,1,8,3,11,1,9,2
2134390.338,221554.3128,0,8,2,3,4,1,8,4,10,1,8,2
2133412.85,222457.7557,0,9,3,4,6,1,6,4,10,1,9,2
2130508.421,229125.9825,0,10,1,8,5,1,6,4,11,1,9,2
2129156.035,229637.5081,0,10,1,8,8,1,8,4,10,1,7,8
2129336.305,221230.4143,0,3,1,3,5,1,10,4,10,1,6,2
2129333.531,225195.8613,0,1,3,6,7,1,8,5,10,3,5,2
2128709.235,227709.8549,0,9,1,7,7,1,8,4,11,1,8,2
2137587.483,249029.2503,1,4,3,2,5,1,8,3,4,1,4,4
2141614.976,247904.4576,1,4,1,3,5,1,2,3,2,1,6,10
2144474.478,244364.5808,1,6,1,6,5,1,8,2,1,1,10,10
2135199.961,251083.6485,1,5,1,1,5,1,5,3,3,1,6,7
2135973.914,243127.7207,0,5,1,7,8,1,8,3,9,1,9,3
2131402.197,237323.2351,0,4,3,7,9,1,9,4,11,1,9,2
2129397.166,238519.2334,0,4,1,6,6,1,10,4,10,1,5,2
2139166.503,251572.132,0,7,1,4,8,1,8,3,8,1,10,7
2146087.696,277684.0766,0,4,1,2,5,1,10,2,11,1,9,2
2136481.549,264485.0454,0,7,1,2,4,1,8,3,10,1,10,3
2132850.465,268476.7597,0,9,1,2,4,1,6,3,11,1,10,2
2132092.583,269367.3166,0,1,1,3,5,1,7,3,11,1,8,2
2128157.638,273433.1616,0,1,1,2,4,1,8,2,10,1,9,3
2144800.084,269118.3525,0,10,3,6,5,1,9,2,3,1,3,3
2144101.62,270285.9426,0,9,1,6,5,1,9,2,3,1,3,3
2148271.064,293322.8103,0,1,2,5,5,5,6,1,1,1,1,9
2144086.591,289624.7915,0,5,3,6,6,1,10,1,4,3,3,5
2163613.726,277922.3195,0,5,1,1,6,2,7,1,4,1,5,6
2164045.014,294973.331,0,3,3,2,6,1,10,1,7,1,7,4
2154428.047,299698.5835,0,8,2,4,5,2,6,1,2,3,5,5
2159603.504,316448.8283,0,7,1,7,7,1,10,1,3,1,2,3
